Workbook
Name _ftn1: OVERVIEW!$B$14
Name _ftnref1: OVERVIEW!$B$5
Name _Hlk135037178: LEARNERS!$F$968
Name _Hlk135910797: LEARNERS!$B$439
Name _Hlk136271606: LEARNERS!$I$625
Name _Hlk136526796: 'SCHOOL NUTRITION'!$B$14
Name _Toc135070642: OVERVIEW!$B$4
Name _Toc137742947: 'SCHOOL INFRASTRUCTURE'!$B$496
Name _Toc137743006: 'SCHOOL INFRASTRUCTURE'!$B$99
Name _Toc137743007: 'SCHOOL INFRASTRUCTURE'!$B$111
Name _Toc137743008: 'SCHOOL INFRASTRUCTURE'!$B$123
Name _Toc137743009: 'SCHOOL INFRASTRUCTURE'!$B$135
Name _Toc137743010: 'SCHOOL INFRASTRUCTURE'!$B$147
Name _Toc137743012: 'SCHOOL INFRASTRUCTURE'!$B$174
Name _Toc137743014: 'SCHOOL INFRASTRUCTURE'!$B$214
Name _Toc137743015: 'SCHOOL INFRASTRUCTURE'!$B$234
Name _Toc137743016: 'SCHOOL INFRASTRUCTURE'!$B$254
Name _Toc137743017: 'SCHOOL INFRASTRUCTURE'!$B$298
Name _Toc137743018: 'SCHOOL INFRASTRUCTURE'!$B$310
Name _Toc137743020: 'SCHOOL INFRASTRUCTURE'!$B$334
Name _Toc137743022: 'SCHOOL INFRASTRUCTURE'!$B$364
Name _Toc137743024: 'SCHOOL INFRASTRUCTURE'!$B$394
Name _Toc137743025: 'SCHOOL INFRASTRUCTURE'!$B$406
Name _Toc137743026: 'SCHOOL INFRASTRUCTURE'!$B$424
Name _Toc137743028: 'SCHOOL INFRASTRUCTURE'!$B$448
Name _Toc137743030: 'SCHOOL INFRASTRUCTURE'!$B$472
Name _Toc137743032: 'SCHOOL INFRASTRUCTURE'!$B$498
Name _Toc137743033: 'SCHOOL INFRASTRUCTURE'!$B$520
Name _Toc137743034: LEARNERS!$B$6
Name _Toc137743035: LEARNERS!$B$24
Name _Toc137743036: LEARNERS!$B$45
Name _Toc137743039: LEARNERS!$B$99
Name _Toc137743040: LEARNERS!$B$117
Name _Toc137743042: LEARNERS!$B$152
Name _Toc137743043: LEARNERS!$B$171
Name _Toc137743045: LEARNERS!$B$209
Name _Toc137743046: LEARNERS!$B$229
Name _Toc137743047: LEARNERS!$B$251
Name _Toc137743048: LEARNERS!$B$251
Name _Toc137743049: LEARNERS!$B$277
Name _Toc137743050: LEARNERS!$B$298
Name _Toc137743052: LEARNERS!$B$358
Name _Toc137743055: LEARNERS!$B$426
Name _Toc137743056: LEARNERS!$B$455
Name _Toc137743058: LEARNERS!$B$489
Name _Toc137743059: LEARNERS!$B$504
Name _Toc137743063: LEARNERS!$B$578
Name _Toc137743064: LEARNERS!$B$591
Name _Toc137743066: LEARNERS!$B$619
Name _Toc137743073: LEARNERS!$B$703
Name _Toc137743074: LEARNERS!$B$716
Name _Toc137743090: LEARNERS!$B$927
Name _Toc137743092: LEARNERS!$B$953
Name _Toc137743094: LEARNERS!$B$985
Name _Toc137743095: LEARNERS!$B$1000
Name _Toc137743096: LEARNERS!$B$1015
Name _Toc137743098: LEARNERS!$B$1045
Name _Toc137743099: LEARNERS!$B$1060
Name _Toc137743100: LEARNERS!$B$1073
Name _Toc137743102: LEARNERS!$B$1101

Sheet TABLE OF CONTENTS
B3: TABLE OF CONTENTS
B5: GENERAL OVERVIEW
C6: =OVERVIEW!$B$4 -> Overview 1: Number of schools by level of education
C7: =OVERVIEW!$B$16 -> Overview 2: Number of classrooms in use
C8: =OVERVIEW!$B$27 -> Overview 3: Number of learners
C9: =OVERVIEW!$B$51 -> Overview 4: Number of teaching and administrative staff
B11: 1. SCHOOL INFRASTRUCTURE
C12: 1.1 Number of schools by levels of education and schools’ settings
D13: Table 1.1.1: Number of schools by level of education
D14: Table 1.1.2: Number of preprimary, primary, secondary and TVET L1-L5 schools
D15: Table 1.1.3: School settings with preprimary level
D16: Table 1.1.4: School settings with primary level
D17: Table 1.1.5: School settings with General and professional secondary
D18: Table 1.1.6: School settings with TVET L1 to L5
C19: 1.2 Number of schools by schools’ status
D20: Table 1.2.2: Number of Schools with Pre-primary level, by schools’ status
D21: Table 1.2.3: Number of schools with Primary level by school’ status
D22: Table 1.2.4: Number of schools with gen. and prof. secondary Level, by school’ status
D23: Table 1.2.5: Number of schools with TVET L1 to L5, by school’ status
D24: Table 1.2.6: Number of Higher education institutions
D25: Table 1.2.7: Number of adult literacy centers
C26: 1.3 Number of schools by owner
D27: Table 1.3.1: Number of schools with preprimary level by owner
D28: Table 1.3.2: Number of schools with primary level by owner
D29: Table 1.3.3: Number of Gen. and prof. secondary schools by owner
D30: Table 1.3.4: Number of schools with TVET level by owner
D31: Table 1.3.5: Number of adult literacy centers by owner
D32: Table 1.3.6: Number and Percentage of schools meeting the Standard PCR
D33: Table 1.3.7: Availability of girls’ room
C34: 1.4 Classrooms in use and classes in school
D35: Table 1.4.1: Total number of classrooms in use, by schools ‘status
D36: Table 1.4.2: Number of Preprimary classrooms, by schools 'status
D37: Table 1.4.3 : Number of primary classrooms in use by school status
D38: Table 1.4.4: Number of primary school classes by school status
D39: Table 1.4.5: Number of primary classrooms in use per grade
D40: Table 1.4.6: Number of gen. and prof. secondary classrooms in use
D41: Table 1.4.7: Number of gen. and prof. secondary classrooms per grade
D42: Table 1.4.8: Number of TVET classrooms for level I to 5
D43: Table 1.4.9: Number of TVET’ classrooms per level
C44: 1.5 Number of desks in school
D45: Table 1.5.1: Total number of desks, by schools’ status
D46: Table 1.5.2: Number of Preprimary desks, by schools’ status
D47: Table 1.5.3: Number of primary desks by school status
D48: Table 1.5.4: Number of gen. and prof. secondary desks
D49: Table 1.5.5: Number of TVET desks for level I to 5
D50: Table 1.5.6: Number of Adult literacy desks
C51: 1.6. Sport facilities in school
D52: Table 1.6.1: Game and materials for Pre-Primary level in 2021/22
D53: Table 1.6.2: Sport facilities in primary and secondary schools in 2021/22
B54: 2. LEARNERS
C55: 2.1. Number of learners per school status
D56: Table 2.1.1: Number of total learners in Rwanda education system
D57: =LEARNERS!$B$24 -> Table 2.1.2: Number of children in Early Childhood Developments (ECDs)
D58: Table 2.1.3: Number of preprimary pupils
D59: Table 2.1.4: Primary school pupils by school status
D60: Table 2.1.5: Number of lower secondary students
D61: Table 2.1.6: Number of general and professional upper secondary students
D62: Table 2.1.7: Total TVET trainees in level I to 5
D63: Table 2.1.8: Number of students in TVET schools and accounting
D64: Table 2.1.9: Higher education Institution students
D65: Table 2.1.10: Students enrolled in Polytechnics
D66: Table 2.1.11: Students enrolled in General Higher Education
D67: Table 2.1.12: Learners in adult literacy centers
C68: 2.2 Number of learners per grade
D69: Table 2.2.1: Enrolled primary school pupils by grade
D70: Table 2.2.2: Lower secondary school student’s enrolment
D71: Table 2.2.3: General and professional upper secondary school student’s enrolment
D72: Table 2.2.4: Total number of TVET trainees
D73: Table 2.2.5: TVET trainee’s enrolment from level 1 to 5
C74: 2.3 Learners by specialization
D75: Table 2.3.1: Upper secondary students by learning area
D76: Table 2.3.2: Upper secondary students per learning area in 2021/22
D77: Table 2.3.3: Proportion of upper secondary students per grade in 2021/22
D78: Table 2.3.4: Higher education students enrolled by field of education.
D79: Table 2.3.5: TVET short courses trainees by type of intervention
C80: 2.4 Science Technology Engineering and Mathematics students
D81: Table 2.4.1: STEM students enrolled in upper secondary
D82: Table 2.4.2: Percentage of STEM students enrolled in upper secondary
D83: Table 2.4.3: STEM students enrolled in Higher education
D84: Table 2.4.4: Percentage of STEM students enrolled in Higher education
C85: 2.5 Learners by age
D86: Table 2.5.1: Number of enrolled learners in 2021/22 per age group and level of education
D87: Table 2.5.2: Number of over-age learners for grade
D88: Table 2.5.3: Percentage of children over-age for grade
D89: Table 2.5.4: People aged 3-22 in school and out of school by official school age
D90: Table 2.5.5: Participation rate for children aged 3 - 6 years
D91: Table 2.5.6: Participation rate for people aged 6-18
D92: Table 2.5.7: Participation rate for people aged 3- 23
C93: 2.6 Gross and net enrolment rate
D94: Table 2.6.1: National average for Gross and Net enrolment rate
D95: Table 2.6.2: Preprimary Gross and Net enrollment rate
D96: Table 2.6.3: Primary Gross and Net enrollment rate
D97: Table 2.6.4: Secondary Gross and Net enrollment rate
D98: Table 2.6.5: Lower secondary Gross and Net enrollment rate
D99: Table 2.6.6: Upper secondary Gross and Net enrollment rate
D100: Table 2.6.7: Higher education GER and students per 100,000 inhabitants
D101: Table 2.6.8: Gender parity index in enrollment
C102: 2.7 Gross and net intake rate
D103: Table 2.7.1: Primary Gross and Net intake rate
D104: Table 2.7.2: Gross and Net Intake rate in S1
...

Sheet OVERVIEW
B2: GENERAL OVERVIEW
B4: Overview 1: Number of schools by level of education
B5: Schools* | C5: 2021/22 | D5: 2022/23
B6: Schools with Preprimary level | C6: 3808 | D6: 4051
B7: Schools with Primary level | C7: 3831 | D7: 3932
B8: Schools with General and professional secondary level | C8: 1955 | D8: 1977
B9: Schools with TVET L1_L5 | C9: 422 | D9: 470
B10: Polytechnics | C10: 8 | D10: 8
B11: General Higher education | C11: 31 | D11: 32
B12: Adult Literacy | C12: 5076 | D12: 5003
B13: Source: School census, Ministry of Education
B14: *Caution should be taken for not summing up number of schools in this table, because one school can have different levels.
B16: Overview 2: Number of classrooms in use
B17: Levels | C17: 2021/22 | D17: 2022/23
B18: Preprimary | C18: 8358 | D18: 10726
B19: Primary | C19: 46010 | D19: 49561
B20: Lower secondary | C20: 12783 | D20: 13189
B21: General and professional upper secondary | C21: 7182 | D21: 7506
B22: TVET L1_L2 | C22: 536 | D22: 533
B23: TVET L3_L5 | C23: 2760 | D23: 3220
B24: Total | C24: 77629 | D24: =SUM(D18:D23) -> 84735
B25: Source: School census, Ministry of Education
B27: Overview 3: Number of learners
B28: Levels of education | C28: 2021/22 | D28: 2022/23
B29: Preprimary | C29: 355325 | D29: 540998
B30: Primary | C30: 2742901 | D30: 2838343
B31: Lower Secondary | C31: 540671 | D31: 536427
B32: Upper secondary | C32: 259822 | D32: 283287
B33: General upper secondary | C33: 168595 | D33: 170399
B34: Sciences | C34: 99630 | D34: 104668
B35: Humanities | C35: 32671 | D35: 33943
B36: Languages | C36: 36294 | D36: 31788
B37: Professional upper secondary | C37: 21065 | D37: 23172
B38: TTC | C38: 11565 | D38: 12701
B39: Nursing | C39: 209 | D39: 657
B40: Accounting | C40: 9291 | D40: 9814
... B48: Total learners in Rwanda | C48: 4159782 | D48: 4456419
B49: Source: School census, Ministry of Education
B51: Overview 4: Number of teaching and administrative staff
B52: Levels | C52: 2021/22 | D52: 2022/23
B53: Teaching Staff | C53: 110401 | D53: 120651
B54: Preprimary | C54: 7351 | D54: 9280
B55: Primary | C55: 63064 | D55: 67539
B56: General and Professional secondary | C56: 25468 | D56: 28140
B57: TVET L1_L5 | C57: 4151 | D57: 5501
B58: Polytechnics | C58: 1102 | D58: 1041
B59: General higher education | C59: 3200 | D59: 3333
B60: Adult Literacy | C60: 6083 | D60: 5817
B61: Administrative Staff | C61: 15220 | D61: 17387
B62: Administrative staff in Preprimary, primary, secondary and TVET L1 to L5 | C62: 13272 | D62: 15002
B64: Polytechnics | C64: 390 | D64: 481
B65: General higher education | C65: 1558 | D65: 1904
B66: Total | C66: 125621 | D66: 138038

Sheet SCHOOL INFRASTRUCTURE
B2: 1. SCHOOL INFRASTRUCTURE
B4: 1.1 Number of schools by levels of education and schools’ settings
B6: Table 1.1.1: Number of schools by level of education
B7: Levels of education | C7: 2017 | D7: 2018 | E7: 2019 | F7: 2020/21 | G7: 2021/22 | H7: 2022/23
B8: Overall number of schools* | C8: 4719 | D8: 4571 | E8: 4706 | F8: 5144 | G8: 4842 | H8: 4923
B9: Schools with Preprimary level | C9: 3186 | D9: 3210 | E9: 3401 | F9: 3741 | G9: 3808 | H9: 4051
B10: Schools with Primary level | C10: 2877 | D10: 2909 | E10: 2961 | F10: 3691 | G10: 3831 | H10: 3932
B11: Schools with General and professional Secondary level | C11: 1567 | D11: 1416 | E11: 1452 | F11: 1869 | G11: 1955 | H11: 1977
B12: Schools with TVET L1-L5 level | C12: 385 | D12: 350 | E12: 331 | F12: 344 | G12: 422 | H12: 470
B13: Polytechnics | C13: 17 | D13: 10 | E13: 10 | F13: 8 | G13: 8 | H13: 8
B14: General Higher education | C14: 37 | D14: 30 | E14: 30 | F14: 30 | G14: 31 | H14: 32
B15: Adult literacy | C15: 5160 | D15: 4991 | E15: 5194 | F15: 4953 | G15: 5076 | H15: 5003
B16: Source: School census, Ministry of Education and ECDs censu
B17: *Preprimary, Primary, secondary and TVET L1 to L5 schools
B19: Table 1.1.2: Number of preprimary, primary, secondary and TVET schools by settings
B20: Settings* | C20: 2017 | D20: 2018 | E20: 2019 | F20: 2020/21 | G20: 2021/22 | H20: 2022/23
B21: Total schools | C21: 4719 | D21: 4571 | E21: 4706 | F21: 5144 | G21: 4842 | H21: 4923
B22: Preprimary | C22: 1031 | D22: 1037 | E22: 1102 | F22: 828 | G22: 387 | H22: 352
B23: Preprimary + Primary | C23: 1315 | D23: 1361 | E23: 1410 | F23: 1692 | G23: 2020 | H23: 2211
B24: Preprimary + Lower Secondary | G24: 1 | H24: 1
B25: Preprimary + Primary + Lower Secondary | C25: 443 | D25: 454 | E25: 486 | F25: 712 | G25: 733 | H25: 776
B26: Preprimary + Primary + Gen. Upper Secondary | G26: 1 | H26: 1
B27: Preprimary + Primary + TVET | G27: 2 | H27: 3
B28: Preprimary + Lower + Gen. Upper Secondary | G28: 4 | H28: 4
B29: Preprimary + Primary + Lower Secondary + TVET | G29: 29 | H29: 36
B30: Preprimary + Primary + Lower + Gen. Upper Secondary | C30: 397 | D30: 358 | E30: 403 | F30: 509 | G30: 584 | H30: 597
B31: Preprimary + Primary + Lower+ Gen. Upper Secondary + TVET | G31: 47 | H31: 67
B32: Preprimary+ TVET+ Accounting | H32: 1
B33: Preprimary + Primary + Lower Secondary + Upper Secondary + Accounting | H33: 2
B34: Primary | C34: 470 | D34: 439 | E34: 434 | F34: 447 | G34: 243 | H34: 132
B35: Primary + Lower Secondary | C35: 149 | D35: 161 | E35: 108 | F35: 196 | G35: 91 | H35: 51
B36: Primary + TVET | G36: 1 | H36: 0
B37: Primary + Lower Secondary + TVET + Accounting | H37: 1
B38: Primary + Lower + Gen. Upper Secondary | C38: 91 | D38: 134 | E38: 118 | F38: 132 | G38: 75 | H38: 48
B39: Primary + Lower Secondary + TVET | G39: 2 | H39: 3
B40: Primary + Lower + Gen. Upper Secondary + TVET | C40: 12 | D40: 2 | E40: 2 | F40: 3 | G40: 3 | H40: 4
B41: Lower Secondary | C41: 33 | D41: 24 | E41: 21 | F41: 20 | G41: 11 | H41: 13
B42: Lower + Gen. Upper Secondary | C42: 218 | D42: 225 | E42: 266 | F42: 240 | G42: 240 | H42: 230
B43: Lower Secondary + TVET | G43: 14 | H43: 16
B44: Lower Secondary + Gen. Upper Secondary + Accounting | H44: 2
B45: Lower Secondary + Gen. Upper Secondary + Nursing | G45: 7 | H45: 9
B46: Lower Secondary + Gen. Upper Secondary + TVET | C46: 37 | D46: 30 | E46: 21 | F46: 33 | G46: 6 | H46: 12
B47: Lower Secondary + Accounting | H47: 1
B48: Lower Secondary + TVET + Accounting | G48: 24 | H48: 22
B49: Lower Secondary + Gen. Upper Secondary + TVET + Accounting | G49: 2 | H49: 1
B50: Lower Secondary + Upper Secondary + TVET + Accounting + Nursing | H50: 1
B51: Gen. Upper Secondary | C51: 171 | D51: 12 | E51: 11 | F51: 8 | G51: 6 | H51: 6
B52: Gen. Upper Secondary+ TVET + Accounting | H52: 1
B53: TTC | C53: 16 | D53: 16 | E53: 16 | F53: 16 | G53: 16 | H53: 16
B54: Accounting | G54: 1 | H54: 0
B55: TVET | C55: 336 | D55: 318 | E55: 308 | F55: 308 | G55: 234 | H55: 248
B56: TVET + Accounting | G56: 58 | H56: 54
B57: Nursing | H57: 1
B58: Source: School census, Ministry of Education
B59: *This table does not include Pre-Nursery, Higher Education, and adult literacy schools
B61: Table 1.1.3: School settings with preprimary level
B62: Indicator/Year | C62: 2017 | D62: 2018 | E62: 2019 | F62: 2020/21 | G62: 2021/22 | H62: 2022/23
B63: Total number of schools with Preprimary level | C63: 3186 | D63: 3210 | E63: 3401 | F63: 3741 | G63: 3808 | H63: 4051
B64: Standalone preprimary | C64: 1031 | D64: 1037 | E64: 1102 | F64: 828 | G64: 387 | H64: 352
B65: Preprimary attached to another level | C65: 2155 | D65: 2173 | E65: 2299 | F65: 2913 | G65: 3421 | H65: 3699
B66: % of standalone preprimary | C66: 0.324 | D66: 0.323 | E66: 0.324 | F66: 0.221 | G66: 0.102 | H66: 0.087
B67: % of preprimary attached to another level | C67: 0.676 | D67: 0.677 | E67: 0.676 | F67: 0.779 | G67: 0.898 | H67: 0.913
B68: Source: School census, Ministry of Education
B70: Table 1.1.4: School settings with primary level
B71: Indicator/Year | C71: 2017 | D71: 2018 | E71: 2019 | F71: 2020/21 | G71: 2021/22 | H71: 2022/23
B72: Total number of schools with Primary level | C72: 2877 | D72: 2909 | E72: 2961 | F72: 3691 | G72: 3831 | H72: 3932
B73: Standalone primary | C73: 470 | D73: 439 | E73: 434 | F73: 447 | G73: 243 | H73: 132
B74: Primary attached to another level | C74: 2407 | D74: 2470 | E74: 2527 | F74: 3244 | G74: 3588 | H74: 3800
B75: % of standalone primary | C75: 0.163 | D75: 0.151 | E75: 0.147 | F75: 0.121 | G75: 0.063 | H75: 0.034
B76: % of primary attached to on another level | C76: 0.837 | D76: 0.849 | E76: 0.853 | F76: 0.879 | G76: 0.937 | H76: 0.966
B77: Source: School census, Ministry of Education
B79: Table 1.1.5: School settings with General and professional secondary
B80: Indicator/Year | C80: 2017 | D80: 2018 | E80: 2019 | F80: 2020/21 | G80: 2021/22 | H80: 2022/23
B81: Total number of schools with Gen. and prof. secondary level | C81: 1567 | D81: 1416 | E81: 1452 | F81: 1869 | G81: 1955 | H81: 1977
B82: Standalone Gen. and prof. secondary | C82: 438 | D82: 277 | E82: 314 | F82: 284 | G82: 281 | H82: 262
B83: Gen. and prof. secondary attached to other levels | C83: 1129 | D83: 1139 | E83: 1138 | F83: 1585 | G83: 1674 | H83: 1715
B84: % of standalone Gen. and prof. secondary | C84: 0.28 | D84: 0.196 | E84: 0.216 | F84: 0.152 | G84: 0.144 | H84: 0.133
B85: % of Gen. and prof. secondary attached to another level | C85: 0.72 | D85: 0.804 | E85: 0.784 | F85: 0.848 | G85: 0.856 | H85: 0.867
B86: Source: School census, Ministry of Education
B88: Table 1.1.6: School settings with TVET L1 to L5
B89: Indicator/Year | C89: 2017 | D89: 2018 | E89: 2019 | F89: 2020/21 | G89: 2021/22 | H89: 2022/23
B90: Total number of schools with TVET level | C90: 385 | D90: 350 | E90: 331 | F90: 344 | G90: 422 | H90: 470
B91: Standalone TVET | C91: 336 | D91: 318 | E91: 308 | F91: 308 | G91: 234 | H91: 248
B92: TVET attached to another level | C92: 49 | D92: 32 | E92: 23 | F92: 36 | G92: 188 | H92: 222
B93: % of standalone TVET | C93: 0.873 | D93: 0.909 | E93: 0.931 | F93: 0.895 | G93: 0.555 | H93: 0.528
B94: % of TVET attached to another level | C94: 0.127 | D94: 0.091 | E94: 0.069 | F94: 0.105 | G94: 0.445 | H94: 0.472
B95: Source: School census, Ministry of Education
B97: 1.2 Number of schools by schools’ status
B99: Table 1.2.1: Number of Schools with preprimary level, by schools’ status
B100: Schools ‘status | C100: 2017 | D100: 2018 | E100: 2019 | F100: 2020/21 | G100: 2021/22 | H100: 2022/23
B101: Total schools | C101: 3186 | D101: 3210 | E101: 3401 | F101: 3741 | G101: 3808 | H101: 4051
B102: Public schools | C102: 455 | D102: 455 | E102: 508 | F102: 1069 | G102: 1133 | H102: 1243
B103: Government-subsidized schools | C103: 1484 | D103: 1632 | E103: 1555 | F103: 1646 | G103: 1746 | H103: 1795
B104: Private schools | C104: 1247 | D104: 1123 | E104: 1338 | F104: 1026 | G104: 929 | H104: 1013
B105: Average pupils per school | C105: 69 | D105: 71 | E105: 83 | F105: 79 | G105: 93 | H105: 134
B106: Public schools | C106: 71 | D106: 70 | E106: 81 | F106: 73 | G106: 95 | H106: 151
B107: Government-subsidized schools | C107: 66 | D107: 67 | E107: 80 | F107: 75 | G107: 97 | H107: 148
B108: Private schools | C108: 73 | D108: 77 | E108: 86 | F108: 90 | G108: 85 | H108: 86
B109: Source: School census, Ministry of Education
B111: Table 1.2.2: Number of schools with primary level by school’ status
...

Sheet LEARNERS
B2: 2. LEARNERS
B4: 2.1. Number of learners per school status
B6: Table 2.1.1: Number of total learners in Rwanda education system
B7: Indicator/Year | C7: 2017 | D7: 2018 | E7: 2019 | F7: 2020/21 | G7: 2021/22 | H7: 2022/23
B8: Total learners | C8: 3614004 | D8: 3619871 | E8: 3750252 | F8: 4029848 | G8: 4159782 | H8: 4456419
B9: Male | C9: 1783151 | D9: 1786491 | E9: 1854214 | F9: 1975737 | G9: 2050664 | H9: 2209396
B10: Female | C10: 1830853 | D10: 1833380 | E10: 1896038 | F10: 2054111 | G10: 2109118 | H10: 2247023
B11: % of Male | C11: 0.493 | D11: 0.494 | E11: 0.494 | F11: 0.49 | G11: 0.493 | H11: 0.496
B12: % of Female | C12: 0.507 | D12: 0.506 | E12: 0.506 | F12: 0.51 | G12: 0.507 | H12: 0.504
B13: Public schools | C13: 1098480 | D13: 1110454 | E13: 1171768 | F13: 1506280 | G13: 1590690 | H13: 1725647
B14: Male | C14: 546970 | D14: 556061 | E14: 588029 | F14: 745710 | G14: 792307 | H14: 862398
B15: Female | C15: 551510 | D15: 554393 | E15: 583739 | F15: 760570 | G15: 798383 | H15: 863249
B16: Government-subsidized schools | C16: 2149617 | D16: 2159576 | E16: 2189152 | F16: 2134012 | G16: 2169708 | H16: 2299765
B17: Male | C17: 1050577 | D17: 1056498 | E17: 1071594 | F17: 1036099 | G17: 1058085 | H17: 1129641
B18: Female | C18: 1099040 | D18: 1103078 | E18: 1117558 | F18: 1097913 | G18: 1111623 | H18: 1170124
B19: Private schools | C19: 365907 | D19: 349841 | E19: 389332 | F19: 389556 | G19: 399384 | H19: 431007
... B21: Female | C21: 180303 | D21: 175909 | E21: 194741 | F21: 195628 | G21: 199112 | H21: 213650
B22: Source: School census, Ministry of Education
B24: Table 2.1.2: Number of children in Early Childhood Developments (ECDs)
B25: Indicator/Year | C25: 2017 | D25: 2018 | E25: 2019 | F25: 2020/21 | G25: 2021/22 | H25: 2022/23
B26: Total children in ECDs | C26: 225669 | D26: 233197 | E26: 289118 | F26: 297021 | G26: 1033011 | H26: 1134913
B27: Male | C27: 110978 | D27: 115243 | E27: 142201 | F27: 144646 | G27: 496439 | H27: 548014
B28: Female | C28: 114691 | D28: 117954 | E28: 146917 | F28: 152375 | G28: 536572 | H28: 586899
B29: % of Male | C29: 0.492 | D29: 0.494 | E29: 0.492 | F29: 0.487 | G29: 0.481 | H29: 0.483
B30: % of Female | C30: 0.508 | D30: 0.506 | E30: 0.508 | F30: 0.513 | G30: 0.519 | H30: 0.517
B31: Total children in ECED centers | C31: 5234 | D31: 6491 | E31: 6690 | F31: 3198 | G31: 677686 | H31: 593915
B32: Male | C32: 2516 | D32: 3199 | E32: 3290 | F32: 1586 | G32: 318916 | H32: 276170
B33: Female | C33: 2718 | D33: 3292 | E33: 3400 | F33: 1612 | G33: 358770 | H33: 317745
B34: ECED children in Formal centers | C34: 5234 | D34: 6491 | E34: 6690 | F34: 3198 | G34: 25056 | H34: 24625
B35: Male | C35: 2516 | D35: 3199 | E35: 3290 | F35: 1586 | G35: 11784 | H35: 11557
B36: Female | C36: 2718 | D36: 3292 | E36: 3400 | F36: 1612 | G36: 13272 | H36: 13068
B37: ECED children in non-formal centers* | G37: 652630 | H37: 569290
B38: Male | G38: 307132 | H38: 264613
B39: Female | G39: 345498 | H39: 304677
B40: Total pupils in Preprimary level | C40: 220435 | D40: 226706 | E40: 282428 | F40: 293823 | G40: 355325 | H40: 540998
B41: Male | C41: 108462 | D41: 112044 | E41: 138911 | F41: 143060 | G41: 177523 | H41: 271844
B42: Female | C42: 111973 | D42: 114662 | E42: 143517 | F42: 150763 | G42: 177802 | H42: 269154
B43: Female
B45: Table 2.1.3: Number of preprimary pupils
B46: Indicator/Year | C46: 2017 | D46: 2018 | E46: 2019 | F46: 2020/21 | G46: 2021/22 | H46: 2022/23
B47: Total pupils | C47: 220435 | D47: 226706 | E47: 282428 | F47: 293823 | G47: 355325 | H47: 540998
B48: Male | C48: 108462 | D48: 112044 | E48: 138911 | F48: 143060 | G48: 177523 | H48: 271844
B49: Female | C49: 111973 | D49: 114662 | E49: 143517 | F49: 150763 | G49: 177802 | H49: 269154
B50: % of Male | C50: 0.492 | D50: 0.494 | E50: 0.492 | F50: 0.487 | G50: 0.5 | H50: 0.502
B51: % of Female | C51: 0.508 | D51: 0.506 | E51: 0.508 | F51: 0.513 | G51: 0.5 | H51: 0.498
B52: Pupils in Public schools | C52: 32281 | D52: 31940 | E52: 41646 | F52: 77893 | G52: 107447 | H52: 187549
B53: Male | C53: 15765 | D53: 15978 | E53: 20531 | F53: 37600 | G53: 53184 | H53: 93940
B54: Female | C54: 16516 | D54: 15962 | E54: 21115 | F54: 40293 | G54: 54263 | H54: 93609
B55: Pupils in Government-subsidized schools | C55: 97226 | D55: 108750 | E55: 125658 | F55: 123351 | G55: 168846 | H55: 266248
B56: Male | C56: 47431 | D56: 53386 | E56: 61610 | F56: 59455 | G56: 83850 | H56: 133361
B57: Female | C57: 49795 | D57: 55364 | E57: 64048 | F57: 63896 | G57: 84996 | H57: 132887
B58: Pupils in Private schools | C58: 90928 | D58: 86016 | E58: 115124 | F58: 92579 | G58: 79032 | H58: 87201
... B60: Female | C60: 45662 | D60: 43336 | E60: 58354 | F60: 46574 | G60: 38543 | H60: 42658
B61: Source: School census, Ministry of Education
B63: Table 2.1.4: Primary school pupils by school status
B64: Description/Year | C64: 2017 | D64: 2018 | E64: 2019 | F64: 2020/21 | G64: 2021/22 | H64: 2022/23
B65: Total primary pupils | C65: 2540374 | D65: 2503705 | E65: 2512465 | F65: 2729116 | G65: 2742551 | H65: 2838343
B66: Male | C66: 1272842 | D66: 1259344 | E66: 1268996 | F66: 1370022 | G66: 1384332 | H66: 1445412
B67: Female | C67: 1267532 | D67: 1244361 | E67: 1243469 | F67: 1359094 | G67: 1358219 | H67: 1392931
B68: % Of Male | C68: 0.501 | D68: 0.503 | E68: 0.505 | F68: 0.502 | G68: 0.505 | H68: 0.509
B69: % Of Female | C69: 0.499 | D69: 0.497 | E69: 0.495 | F69: 0.498 | G69: 0.495 | H69: 0.491
B70: Pupils in Public schools | C70: 796899 | D70: 790906 | E70: 812077 | F70: 1063617 | G70: 1097453 | H70: 1143847
B71: Male | C71: 398902 | D71: 397253 | E71: 409920 | F71: 534244 | G71: 553802 | H71: 582517
B72: Female | C72: 397997 | D72: 393653 | E72: 402157 | F72: 529373 | G72: 543651 | H72: 561330
B73: Pupils in Government-subsidized schools | C73: 1647498 | D73: 1609471 | E73: 1592142 | F73: 1532460 | G73: 1507756 | H73: 1537759
B74: Male | C74: 825558 | D74: 810129 | E74: 804421 | F74: 768918 | G74: 761619 | H74: 783814
B75: Female | C75: 821940 | D75: 799342 | E75: 787721 | F75: 763542 | G75: 746137 | H75: 753945
B76: Pupils in Private schools | C76: 95977 | D76: 103328 | E76: 108246 | F76: 133039 | G76: 137342 | H76: 156737
... B78: Female | C78: 47595 | D78: 51366 | E78: 53591 | F78: 66179 | G78: 68431 | H78: 77656
B79: Source: School census, Ministry of Education
B81: Table 2.1.5: Number of lower secondary students
B82: Description/Year | C82: 2017 | D82: 2018 | E82: 2019 | F82: 2020/21 | G82: 2021/22 | H82: 2022/23
B83: Total Lower secondary Students | C83: 382661 | D83: 422093 | E83: 481138 | F83: 521631 | G83: 540634 | H83: 536427
B84: Male | C84: 176797 | D84: 194314 | E84: 219915 | F84: 239474 | G84: 245840 | H84: 243281
B85: Female | C85: 205864 | D85: 227779 | E85: 261223 | F85: 282157 | G85: 294794 | H85: 293146
B86: % of Male | C86: 0.462 | D86: 0.46 | E86: 0.457 | F86: 0.459 | G86: 0.455 | H86: 0.454
B87: % of Female | C87: 0.538 | D87: 0.54 | E87: 0.543 | F87: 0.541 | G87: 0.545 | H87: 0.546
B88: Students in Public schools | C88: 125053 | D88: 138482 | E88: 160034 | F88: 190088 | G88: 199249 | H88: 205266
B89: Male | C89: 58857 | D89: 64617 | E89: 74384 | F89: 88199 | G89: 91989 | H89: 94524
B90: Female | C90: 66196 | D90: 73865 | E90: 85650 | F90: 101889 | G90: 107260 | H90: 110742
B91: Students in Government-subsidized schools | C91: 232874 | D91: 258660 | E91: 295952 | F91: 304064 | G91: 313737 | H91: 307340
B92: Male | C92: 104640 | D92: 116232 | E92: 131872 | F92: 136416 | G92: 139144 | H92: 136086
B93: Female | C93: 128234 | D93: 142428 | E93: 164080 | F93: 167648 | G93: 174593 | H93: 171254
B94: Students in Private schools | C94: 24734 | D94: 24951 | E94: 25152 | F94: 27479 | G94: 27648 | H94: 23821
... B96: Female | C96: 11434 | D96: 11486 | E96: 11493 | F96: 12620 | G96: 12941 | H96: 11150
B97: Source: School census, Ministry of Education
B99: Table 2.1.6: Number of general and professional upper secondary students
B100: Description/Year | C100: 2017 | D100: 2018 | E100: 2019 | F100: 2020/21 | G100: 2021/22 | H100: 2022/23
B101: Total Students | C101: 148716 | D101: 156804 | E101: 167809 | F101: 171994 | G101: 189660 | H101: 193571
B102: Male | C102: 66248 | D102: 70468 | E102: 75203 | F102: 76222 | G102: 79198 | H102: 78699
B103: Female | C103: 82468 | D103: 86336 | E103: 92606 | F103: 95772 | G103: 110462 | H103: 114872
B104: % of Male | C104: 0.445 | D104: 0.449 | E104: 0.448 | F104: 0.443 | G104: 0.418 | H104: 0.407
B105: % of Female | C105: 0.555 | D105: 0.551 | E105: 0.552 | F105: 0.557 | G105: 0.582 | H105: 0.593
B106: Students in Public schools | C106: 49264 | D106: 52205 | E106: 55883 | F106: 58923 | G106: 63058 | H106: 66415
B107: Male | C107: 23292 | D107: 24948 | E107: 26566 | F107: 27250 | G107: 27992 | H107: 28669
B108: Female | C108: 25972 | D108: 27257 | E108: 29317 | F108: 31673 | G108: 35066 | H108: 37746
B109: Students in Government-subsidized schools | C109: 87664 | D109: 93266 | E109: 100171 | F109: 100034 | G109: 108717 | H109: 108683
B110: Male | C110: 37541 | D110: 40136 | E110: 42941 | F110: 42851 | G110: 44711 | H110: 43148
B111: Female | C111: 50123 | D111: 53130 | E111: 57230 | F111: 57183 | G111: 64006 | H111: 65535
B112: Students in Private schools | C112: 11788 | D112: 11333 | E112: 11755 | F112: 13037 | G112: 17885 | H112: 18473
...

Sheet SCHOOL  STAFF
B2: 3. SCHOOL STAFF
B4: 3.1 School staff per school status
B6: Table 3.1.1: Number of total school staff in Rwanda education system
B7: Description/Year | C7: 2017 | D7: 2018 | E7: 2019 | F7: 2020/21 | G7: 2021/22 | H7: 2022/23
B8: Total school staff | C8: 93691 | D8: 94437 | E8: 97731 | F8: 121145 | G8: 125621 | H8: 138038
B9: Male | C9: 51422 | D9: 51403 | E9: 52435 | F9: 61545 | G9: 64414 | H9: 70430
B10: Female | C10: 42269 | D10: 43034 | E10: 45296 | F10: 59600 | G10: 61207 | H10: 67608
B11: %Male | C11: 0.549 | D11: 0.544 | E11: 0.537 | F11: 0.508 | G11: 0.513 | H11: 0.51022182
B12: %Female | C12: 0.451 | D12: 0.456 | E12: 0.463 | F12: 0.492 | G12: 0.487 | H12: 0.48977818
B13: Staff in Public schools | C13: 27125 | D13: 27392 | E13: 28454 | F13: 42522 | G13: 45849 | H13: 50287
B14: Male | C14: 15687 | D14: 15788 | E14: 16144 | F14: 22045 | G14: 23893 | H14: 26035
B15: Female | C15: 11438 | D15: 11604 | E15: 12310 | F15: 20477 | G15: 21956 | H15: 24252
B16: Staff in Government-subsidized schools | C16: 47698 | D16: 48568 | E16: 49345 | F16: 58576 | G16: 61463 | H16: 66567
B17: Male | C17: 24545 | D17: 24730 | E17: 24803 | F17: 27970 | G17: 29814 | H17: 32045
B18: Female | C18: 23153 | D18: 23838 | E18: 24542 | F18: 30606 | G18: 31649 | H18: 34522
B19: Staff in Private schools | C19: 18868 | D19: 18477 | E19: 19932 | F19: 20047 | G19: 18309 | H19: 21184
... B21: Female | C21: 7678 | D21: 7592 | E21: 8444 | F21: 8517 | G21: 7602 | H21: 8834
B22: Source: School census, Ministry of Education
B24: Table 3.1.2: Number of total school staff in Preprimary, Primary, Secondary and TVET L1-L5
B25: Description/Year | C25: 2017 | D25: 2018 | E25: 2019 | F25: 2020/21 | G25: 2021/22 | H25: 2022/23
B26: Total school staff | C26: 81133 | D26: 82030 | E26: 84969 | F26: 109178 | G26: 113288 | H26: 125462
B27: Male | C27: 42764 | D27: 42823 | E27: 43710 | F27: 53356 | G27: 56181 | H27: 62016
B28: Female | C28: 38369 | D28: 39207 | E28: 41259 | F28: 55822 | G28: 57107 | H28: 63446
B29: %Male | C29: 0.527 | D29: 0.522 | E29: 0.514 | F29: 0.489 | G29: 0.496 | H29: 0.494
B30: %Female | C30: 0.473 | D30: 0.478 | E30: 0.486 | F30: 0.511 | G30: 0.504 | H30: 0.506
B31: Staff in Public schools | C31: 22429 | D31: 22545 | E31: 23696 | F31: 37076 | G31: 40310 | H31: 44842
B32: Male | C32: 12476 | D32: 12462 | E32: 12875 | F32: 18354 | G32: 20266 | H32: 22501
B33: Female | C33: 9953 | D33: 10083 | E33: 10821 | F33: 18722 | G33: 20044 | H33: 22341
B34: Staff in Government-subsidized schools | C34: 44595 | D34: 45238 | E34: 46109 | F34: 55469 | G34: 58090 | H34: 63248
B35: Male | C35: 22526 | D35: 22557 | E35: 22716 | F35: 25994 | G35: 27702 | H35: 29918
B36: Female | C36: 22069 | D36: 22681 | E36: 23393 | F36: 29475 | G36: 30388 | H36: 33330
B37: Staff in Private schools | C37: 14109 | D37: 14247 | E37: 15164 | F37: 16633 | G37: 14888 | H37: 17372
... B39: Female | C39: 6347 | D39: 6443 | E39: 7045 | F39: 7625 | G39: 6675 | H39: 7775
B40: Source: School census, Ministry of Education
B42: Table 3.1.3: Number of Higher education staff
B43: Indicator/Year | C43: 2016/17 | D43: 2017/18 | E43: 2018/19 | F43: 2020/21 | G43: 2021/22 | H43: 2022/23
B44: Total staff | C44: 6271 | D44: 6335 | E44: 6610 | F44: 6065 | G44: 6250 | H44: 6759
B45: Male | C45: 4652 | D45: 4758 | E45: 4921 | F45: 4577 | G45: 4665 | H45: 4992
B46: Female | C46: 1619 | D46: 1577 | E46: 1689 | F46: 1488 | G46: 1585 | H46: 1767
B47: % of Male | C47: 0.742 | D47: 0.751 | E47: 0.744 | F47: 0.755 | G47: 0.746 | H47: 0.73857079
B48: % of Female | C48: 0.258 | D48: 0.249 | E48: 0.256 | F48: 0.245 | G48: 0.254 | H48: 0.26142921
B49: Staff in Public Higher education institutions | C49: 2958 | D49: 3131 | E49: 3122 | F49: 3135 | G49: 3124 | H49: 3179
B50: Male | C50: 2175 | D50: 2339 | E50: 2340 | F50: 2374 | G50: 2344 | H50: 2367
B51: Female | C51: 783 | D51: 792 | E51: 782 | F51: 761 | G51: 780 | H51: 812
B52: Staff in Private Higher education institutions | C52: 3313 | D52: 3204 | E52: 3488 | F52: 2930 | G52: 3126 | H52: 3580
B53: Male | C53: 2477 | D53: 2419 | E53: 2581 | F53: 2203 | G53: 2321 | H53: 2625
B54: Female | C54: 836 | D54: 785 | E54: 907 | F54: 727 | G54: 805 | H54: 955
B55: Source: School census, Ministry of Education
B57: 3.2 Teaching staff per school status
B59: Table 3.2.1: Teaching staff in Preprimary, primary, secondary, TVET L1-L5
B60: Description/Year | C60: 2017 | D60: 2018 | E60: 2019 | F60: 2020/21 | G60: 2021/22 | H60: 2022/23
B61: Total school teaching staff | C61: 71041 | D61: 71657 | E61: 74394 | F61: 97278 | G61: 100016 | H61: 110460
B62: Male | C62: 36822 | D62: 36744 | E62: 37496 | F62: 46317 | G62: 48252 | H62: 52965
B63: Female | C63: 34219 | D63: 34913 | E63: 36898 | F63: 50961 | G63: 51764 | H63: 57495
B64: % Male | C64: 0.518 | D64: 0.513 | E64: 0.504 | F64: 0.476 | G64: 0.482 | H64: 0.479
B65: % Female | C65: 0.482 | D65: 0.487 | E65: 0.496 | F65: 0.524 | G65: 0.518 | H65: 0.521
B66: Staff in Public schools | C66: 19994 | D66: 20014 | E66: 21139 | F66: 33709 | G66: 36246 | H66: 40236
B67: Male | C67: 10983 | D67: 10910 | E67: 11306 | F67: 16211 | G67: 17627 | H67: 19467
B68: Female | C68: 9011 | D68: 9104 | E68: 9833 | F68: 17498 | G68: 18619 | H68: 20769
B69: Staff in Government-subsidized schools | C69: 40129 | D69: 40589 | E69: 41548 | F69: 50752 | G69: 52724 | H69: 57151
B70: Male | C70: 19841 | D70: 19769 | E70: 19976 | F70: 23141 | G70: 24402 | H70: 26135
B71: Female | C71: 20288 | D71: 20820 | E71: 21572 | F71: 27611 | G71: 28322 | H71: 31016
B72: Staff in Private schools | C72: 10918 | D72: 11054 | E72: 11707 | F72: 12817 | G72: 11046 | H72: 13073
... B74: Female | C74: 4920 | D74: 4989 | E74: 5493 | F74: 5852 | G74: 4823 | H74: 5710
B75: Source: School census, Ministry of Education
B77: Table 3.2.2: Pre-primary school teaching staff by school's status
B78: Description/Year | C78: 2017 | D78: 2018 | E78: 2019 | F78: 2020/21 | G78: 2021/22 | H78: 2022/23
B79: Total school teaching staff | C79: 6039 | D79: 6280 | E79: 6931 | F79: 8034 | G79: 7351 | H79: 9280
B80: Male | C80: 956 | D80: 994 | E80: 1059 | F80: 1154 | G80: 1555 | H80: 1685
B81: Female | C81: 5083 | D81: 5286 | E81: 5872 | F81: 6880 | G81: 5796 | H81: 7595
B82: % Male | C82: 0.158 | D82: 0.158 | E82: 0.153 | F82: 0.144 | G82: 0.212 | H82: 0.182
B83: % Female | C83: 0.842 | D83: 0.842 | E83: 0.847 | F83: 0.856 | G83: 0.788 | H83: 0.818
B84: Staff in Public schools | C84: 706 | D84: 633 | E84: 734 | F84: 1721 | G84: 1903 | H84: 2587
B85: Male | C85: 117 | D85: 92 | E85: 104 | F85: 242 | G85: 541 | H85: 534
B86: Female | C86: 589 | D86: 541 | E86: 630 | F86: 1479 | G86: 1362 | H86: 2053
B87: Staff in Government-subsidized schools | C87: 2103 | D87: 2384 | E87: 2397 | F87: 2542 | G87: 2747 | H87: 3795
B88: Male | C88: 362 | D88: 370 | E88: 351 | F88: 284 | G88: 661 | H88: 749
B89: Female | C89: 1741 | D89: 2014 | E89: 2046 | F89: 2258 | G89: 2086 | H89: 3046
B90: Staff in Private schools | C90: 3230 | D90: 3263 | E90: 3800 | F90: 3771 | G90: 2701 | H90: 2898
... B92: Female | C92: 2753 | D92: 2731 | E92: 3196 | F92: 3143 | G92: 2348 | H92: 2496
B93: Source: School census, Ministry of Education
B95: Table 3.2.3: Primary school teaching staff by school status
B96: Description/Year | C96: 2017 | D96: 2018 | E96: 2019 | F96: 2020/21 | G96: 2021/22 | H96: 2022/23
B97: Total school teaching staff | C97: 41573 | D97: 42073 | E97: 43878 | F97: 60666 | G97: 63046 | H97: 67539
B98: Male | C98: 18898 | D98: 18990 | E98: 19534 | F98: 25667 | G98: 26833 | H98: 29101
B99: Female | C99: 22675 | D99: 23083 | E99: 24344 | F99: 34999 | G99: 36213 | H99: 38438
B100: % Male | C100: 0.455 | D100: 0.451 | E100: 0.445 | F100: 0.423 | G100: 0.426 | H100: 0.431
B101: % Female | C101: 0.545 | D101: 0.549 | E101: 0.555 | F101: 0.577 | G101: 0.574 | H101: 0.569
B102: Teaching staff in public schools | C102: 11895 | D102: 12030 | E102: 12855 | F102: 21959 | G102: 23589 | H102: 25102
B103: Male | C103: 5603 | D103: 5589 | E103: 5839 | F103: 9209 | G103: 10007 | H103: 10724
B104: Female | C104: 6292 | D104: 6441 | E104: 7016 | F104: 12750 | G104: 13582 | H104: 14378
B105: Teaching staff in Government-subsidized schools | C105: 25897 | D105: 26038 | E105: 26771 | F105: 33509 | G105: 34523 | H105: 36120
B106: Male | C106: 10916 | D106: 10869 | E106: 10979 | F106: 13093 | G106: 13625 | H106: 14329
B107: Female | C107: 14981 | D107: 15169 | E107: 15792 | F107: 20416 | G107: 20898 | H107: 21791
B108: Teaching staff in Private schools | C108: 3781 | D108: 4005 | E108: 4252 | F108: 5198 | G108: 4934 | H108: 6317
... B110: Female | C110: 1402 | D110: 1473 | E110: 1536 | F110: 1833 | G110: 1733 | H110: 2269
B111: Source: School census, Ministry of Education
B113: Table 3.2.4: Number of Gen. and Prof. secondary teaching staff by school status
B114: Description/Year | C114: 2017 | D114: 2018 | E114: 2019 | F114: 2020/21 | G114: 2021/22 | H114: 2022/23
B115: Total teaching staff | C115: 19268 | D115: 19563 | E115: 19793 | F115: 24403 | G115: 25468 | H115: 28140
...

Sheet ICT, SCIENCE AND TECHNOLOGY
B2: 4. ICT, SCIENCE AND TECHNOLOGY
B4: 4.1 Use of ICT in schools
B6: Table 4.1.1: Use of ICT for teaching and learning
B7: Level of education | C7: 2017 | D7: 2018 | E7: 2019 | F7: 2020/21 | G7: 2021/22 | H7: 2022/23
B8: Overall number of schools using ICT for teaching and learning | C8: 1649 | D8: 1796 | E8: 1852 | F8: 1929 | G8: 2286 | H8: 2021
B9: Schools with Preprimary level | C9: 160 | D9: 228 | E9: 278 | F9: 426 | G9: 1677 | H9: 1575
B10: Schools with Primary level | C10: 1267 | D10: 1612 | E10: 1718 | F10: 1710 | G10: 1790 | H10: 1622
B11: Schools with Gen. and prof. Secondary level | C11: 854 | D11: 886 | E11: 951 | F11: 1116 | G11: 1201 | H11: 1076
B12: Schools with TVET L1-L5 levels | C12: 90 | D12: 232 | E12: 236 | F12: 240 | G12: 250 | H12: 226
B13: Overall number of schools not using ICT for teaching and learning | C13: 3070 | D13: 2776 | E13: 2854 | F13: 3215 | G13: 2556 | H13: 2902
B14: Schools with Preprimary level | C14: 3026 | D14: 2982 | E14: 3123 | F14: 3315 | G14: 2131 | H14: 2476
B15: Schools with Primary level | C15: 1610 | D15: 1297 | E15: 1243 | F15: 1981 | G15: 2041 | H15: 2310
B16: Schools with Gen. and prof. Secondary level | C16: 713 | D16: 530 | E16: 501 | F16: 753 | G16: 754 | H16: 901
B17: Schools with TVET L1-L5 levels | C17: 295 | D17: 118 | E17: 95 | F17: 104 | G17: 172 | H17: 244
B18: Percentage of schools using ICT for teaching and learning | C18: 0.349 | D18: 0.393 | E18: 0.393 | F18: 0.375 | G18: 0.472 | H18: 0.411
B19: Schools with Preprimary level | C19: 0.05 | D19: 0.071 | E19: 0.082 | F19: 0.114 | G19: 0.44 | H19: 0.389
... B22: Schools with TVET L1-L5 levels | C22: 0.234 | D22: 0.663 | E22: 0.713 | F22: 0.698 | G22: 0.592 | H22: 0.481
B23: Source: School census, Ministry of Education
B25: 4.2 ICT, Science, and Technology facilities
B27: Table 4.2.1: Smart classrooms in schools
B28: Level of education | C28: 2020/21 | D28: 2021/22 | E28: 2022/23
B29: Overall number of schools with smart classroom | C29: 957 | D29: 1120 | E29: 1081
B30: Schools with Primary level | C30: 373 | D30: 777 | E30: 767
B31: Schools with Gen. and prof. Secondary level | C31: 831 | D31: 885 | E31: 854
B32: Schools with TVET L1-L5 levels | C32: 123 | D32: 152 | E32: 157
B33: Overall number of schools without smart classroom | C33: 3359 | D33: 3722 | E33: 3842
B34: Schools with Primary level | C34: 3318 | D34: 3054 | E34: 3165
B35: Schools with Gen. and prof. Secondary level | C35: 1038 | D35: 1070 | E35: 1123
B36: Schools with TVET L1-L5 levels | C36: 221 | D36: 270 | E36: 313
B37: Percentage of schools with smart classroom | C37: 0.222 | D37: 0.231 | E37: 0.22
B38: % of Schools with Primary level | C38: 0.101 | D38: 0.203 | E38: 0.195
B39: % Schools with Gen. and prof. Secondary level | C39: 0.445 | D39: 0.453 | E39: 0.432
B40: % Schools with TVET L1-L5 levels | C40: 0.358 | D40: 0.36 | E40: 0.334
B41: Source: School census, Ministry of Education
B43: Table 4.2.2: Computer laboratories in schools
B44: Level of education | C44: 2020/21 | D44: 2021/22 | E44: 2022/23
B45: Overall number of schools with Computer laboratories | C45: 1004 | D45: 1302 | E45: 1373
B46: Schools with Primary level | C46: 337 | D46: 824 | E46: 875
B47: Schools with Gen. and prof. Secondary level | C47: 433 | D47: 778 | E47: 815
B48: Schools with TVET L1-L5 levels | C48: 239 | D48: 297 | E48: 325
B49: Overall number of schools without Computer laboratories | C49: 3312 | D49: 3540 | E49: 3550
B50: Schools with Primary level | C50: 3354 | D50: 3007 | E50: 3057
B51: Schools with Gen. and prof. Secondary level | C51: 1436 | D51: 1177 | E51: 1162
B52: Schools with TVET L1-L5 levels | C52: 105 | D52: 125 | E52: 145
B53: Percentage of schools with Computer laboratories | C53: 0.233 | D53: 0.269 | E53: 0.279
B54: % of Schools with Primary level | C54: 0.091 | D54: 0.215 | E54: 0.223
B55: % Schools with Gen. and prof. Secondary level | C55: 0.232 | D55: 0.398 | E55: 0.412
B56: % Schools with TVET L1-L5 levels | C56: 0.695 | D56: 0.704 | E56: 0.691
B57: Source: School census, Ministry of Education
B59: Table 4.2.3: Number of secondary schools with science laboratories
B60: INDICATOR/YEAR | C60: 2017 | D60: 2018 | E60: 2019 | F60: 2020/21 | G60: 2021/22 | H60: 2022/23
B61: Number of secondary schools with sciences laboratory | C61: 338 | D61: 338 | E61: 455 | F61: 329 | G61: 189 | H61: 248
B62: % of school with sciences laboratory | C62: 0.216 | D62: 0.216 | E62: 0.255 | F62: 0.149 | G62: 0.086 | H62: 0.111
B63: Number of secondary schools without sciences laboratory | C63: 1229 | D63: 1390 | E63: 1328 | F63: 1884 | G63: 2003 | H63: 1980
B64: % of school without sciences laboratory | C64: 0.784 | D64: 0.804 | E64: 0.745 | F64: 0.851 | G64: 0.914 | H64: 0.889
B65: Source: School census, Ministry of Education
B67: Table 4.2.4: Internet connectivity in schools
B68: Level of education | C68: 2017 | D68: 2018 | E68: 2019 | F68: 2020/21 | G68: 2021/22 | H68: 2022/23
B69: Total number of schools with Internet connectivity | C69: 1009 | D69: 1702 | E69: 2019 | F69: 2093 | G69: 2743 | H69: 2929
B70: Schools with Preprimary level | C70: 135 | D70: 276 | E70: 302 | F70: 471 | G70: 1997 | H70: 2226
B71: Schools with Primary level | C71: 723 | D71: 873 | E71: 1029 | F71: 1173 | G71: 2071 | H71: 2223
B72: Schools with Gen. and prof. Secondary level | C72: 571 | D72: 701 | E72: 862 | F72: 947 | G72: 1432 | H72: 1489
B73: Schools with TVET L1-L5 levels | C73: 76 | D73: 213 | E73: 227 | F73: 233 | G73: 328 | H73: 382
B74: Total number of schools without Internet connectivity | C74: 3710 | D74: 2869 | E74: 2687 | F74: 3051 | G74: 2099 | H74: 1994
B75: Schools with Preprimary level | C75: 3051 | D75: 2934 | E75: 3099 | F75: 3270 | G75: 1811 | H75: 1825
B76: Schools with Primary level | C76: 2154 | D76: 2036 | E76: 1932 | F76: 2518 | G76: 1760 | H76: 1709
B77: Schools with Gen. and prof. Secondary level | C77: 996 | D77: 715 | E77: 590 | F77: 922 | G77: 523 | H77: 488
B78: Schools with TVET L1-L5 levels | C78: 309 | D78: 137 | E78: 104 | F78: 111 | G78: 94 | H78: 88
B79: Percentage of schools with Internet connectivity | C79: 0.214 | D79: 0.372 | E79: 0.429 | F79: 0.407 | G79: 0.567 | H79: 0.595
B80: % Schools with Preprimary level | C80: 0.042 | D80: 0.086 | E80: 0.089 | F80: 0.126 | G80: 0.524 | H80: 0.549
... B83: % Schools with TVET L1-L5 levels | C83: 0.197 | D83: 0.609 | E83: 0.686 | F83: 0.677 | G83: 0.777 | H83: 0.813
B84: Source: School census, Ministry of Education
B86: 4.3 ICT, Science, and technology equipment
B88: Table 4.3.1: Science kits in schools
B89: Level of education | C89: 2017 | D89: 2018 | E89: 2019 | F89: 2020/21 | G89: 2021/22 | H89: 2022/23
B90: Overall number of schools with science kits | C90: 1504 | D90: 1710 | E90: 2024 | F90: 1820 | G90: 3224 | H90: 3396
B91: Schools with Preprimary level | C91: 648 | D91: 652 | E91: 664 | F91: 674 | G91: 2582 | H91: 2847
B92: Schools with Primary level | C92: 1065 | D92: 1065 | E92: 1147 | F92: 1634 | G92: 2683 | H92: 2832
B93: Schools with Gen. and prof. Secondary level | C93: 1018 | D93: 1034 | E93: 1358 | F93: 1046 | G93: 1571 | H93: 1628
B94: Schools with TVET L1-L5 levels | C94: 20 | D94: 69 | E94: 67 | F94: 80 | G94: 219 | H94: 259
B95: Overall number of schools without science kits | C95: 3215 | D95: 2861 | E95: 2682 | F95: 3324 | G95: 1618 | H95: 1527
B96: Schools with Preprimary level | C96: 2538 | D96: 2558 | E96: 2737 | F96: 3067 | G96: 1226 | H96: 1204
B97: Schools with Primary level | C97: 1812 | D97: 1844 | E97: 1814 | F97: 2057 | G97: 1148 | H97: 1100
B98: Schools with Gen. and prof. Secondary level | C98: 549 | D98: 382 | E98: 94 | F98: 823 | G98: 384 | H98: 349
B99: Schools with TVET L1-L5 levels | C99: 365 | D99: 281 | E99: 264 | F99: 264 | G99: 203 | H99: 211
B100: Percentage of schools with science kits | C100: 0.319 | D100: 0.374 | E100: 0.43 | F100: 0.354 | G100: 0.666 | H100: 0.69
B101: Schools with Preprimary level | C101: 0.203 | D101: 0.203 | E101: 0.195 | F101: 0.18 | G101: 0.678 | H101: 0.703
... B104: Schools with TVET L1-L5 levels | C104: 0.052 | D104: 0.197 | E104: 0.202 | F104: 0.233 | G104: 0.519 | H104: 0.551
B105: Source: School census, Ministry of Education
B107: Table 4.3.2: Projectors in schools
B108: Level of education | C108: 2020/21 | D108: 2021/22 | E108: 2022/23
B109: Number of schools with projectors | C109: 1034 | D109: 1088 | E109: 1097
B110: Schools with Primary level | C110: 612 | D110: 754 | E110: 790
B111: Schools with Gen. and prof. Secondary level | C111: 1029 | D111: 1042 | E111: 872
B112: Schools with TVET L1-L5 levels | C112: 246 | D112: 252 | E112: 167
B113: Number of schools without projectors | C113: 4110 | D113: 3754 | E113: 3826
B114: Schools with Primary level | C114: 3079 | D114: 3077 | E114: 3142
B115: Schools with Gen. and prof. Secondary level | C115: 840 | D115: 916 | E115: 1105
B116: Schools with TVET L1-L5 levels | C116: 98 | D116: 170 | E116: 303
B117: Percentage of schools with projectors | C117: 0.201 | D117: 0.225 | E117: 0.223
...

Sheet BOOKS AND TEXTBOOKS
B2: 5. BOOKS AND TEXTBOOKS
B4: 5.1 Books in use by learners
B6: Table 5.1.1: Students books in preprimary schools by subject
B7: Subjects | C7: 2018 | D7: 2019 | E7: 2020/21 | F7: 2021/22 | G7: 2022/23
B8: Number of books
B9: Discovery of the World | C9: 19245 | D9: 22887 | E9: 23629 | F9: 28101 | G9: 31215
B10: Numeracy | C10: 26359 | D10: 27974 | E10: 27173 | F10: 28838 | G10: 30134
B11: Physical and Health development | C11: 13785 | D11: 15966 | E11: 17071 | F11: 19772 | G11: 22020
B12: Creative arts and Culture | C12: 16324 | D12: 18035 | E12: 17507 | F12: 19342 | G12: 20639
B13: Language and literacy: Kinyarwanda | C13: 36879 | D13: 37472 | E13: 35291 | F13: 35858 | G13: 37190
B14: Language and literacy: English | C14: 29196 | D14: 27876 | E14: 27862 | F14: 29122 | G14: 29773
B15: Average ratio per level | C15: 11 | D15: 12 | E15: 13 | F15: 14 | G15: 20
B16: Discovery of the World | C16: 12 | D16: 12 | E16: 12 | F16: 13 | G16: 17
B17: Numeracy | C17: 9 | D17: 10 | E17: 11 | F17: 12 | G17: 18
B18: Physical and Health development | C18: 16 | D18: 18 | E18: 17 | F18: 18 | G18: 25
B19: Creative arts and Culture | C19: 14 | D19: 16 | E19: 17 | F19: 18 | G19: 26
B20: Language and literacy: Kinyarwanda | C20: 6 | D20: 8 | E20: 8 | F20: 10 | G20: 15
B21: Language and literacy: English | C21: 8 | D21: 10 | E21: 11 | F21: 12 | G21: 18
B22: Source: School census, Ministry of Education
B24: Table 5.1.2: Books in use by primary students by subject
B25: Subject | C25: 2018 | D25: 2019 | E25: 2020/21 | F25: 2021/22 | G25: 2022/23
B26: Number of books
B27: Kinyarwanda | C27: 1794444 | D27: 1614643 | E27: 1894875 | F27: 2223743 | G27: 2446559
B28: English | C28: 2039752 | D28: 1778664 | E28: 2302863 | F28: 2981551 | G28: 3363189
B29: Mathematics | C29: 1318615 | D29: 1152290 | E29: 1691881 | F29: 2484150 | G29: 2797491
B30: Social and Religious Studies | C30: 993068 | D30: 886472 | E30: 796930 | F30: 877427 | G30: 971610
B31: Elementary Science and Technology | C31: 635757 | D31: 601190 | E31: 594340 | F31: 601112 | G31: 633795
B32: Average ratio per level | C32: 2 | D32: 2 | E32: 2 | F32: 2 | G32: 2
B33: Kinyarwanda | C33: 1 | D33: 2 | E33: 1 | F33: 1 | G33: 1
B34: English | C34: 1 | D34: 1 | E34: 1 | F34: 1 | G34: 1
B35: Mathematics | C35: 2 | D35: 2 | E35: 2 | F35: 1 | G35: 1
B36: Social and Religious Studies | C36: 3 | D36: 3 | E36: 3 | F36: 3 | G36: 3
B37: Elementary Science and Technology | C37: 4 | D37: 4 | E37: 5 | F37: 5 | G37: 4
B38: Source: School census, Ministry of Education
B40: Table 5.1.3: Pupil: book ratio in lower secondary students by subject
B41: Subjects | C41: 2018 | D41: 2019 | E41: 2020/21 | F41: 2021/22 | G41: 2022/23
B42: Number of books
B43: Mathematics | C43: 255498 | D43: 254984 | E43: 233758 | F43: 243723 | G43: 283000
B44: Chemistry | C44: 235334 | D44: 226974 | E44: 214614 | F44: 224269 | G44: 265851
B45: Geography | C45: 223978 | D45: 217380 | E45: 195869 | F45: 203548 | G45: 231170
B46: Biology | C46: 218546 | D46: 205667 | E46: 206759 | F46: 212302 | G46: 247373
B47: English | C47: 212542 | D47: 212715 | E47: 215289 | F47: 216679 | G47: 263679
B48: Physics | C48: 215343 | D48: 214499 | E48: 187976 | F48: 195643 | G48: 232012
B49: Kinyarwanda | C49: 134390 | D49: 128401 | E49: 124012 | F49: 128895 | G49: 152194
B50: Entrepreneurship | C50: 135585 | D50: 136050 | E50: 130919 | F50: 133163 | G50: 160942
B51: History and Citizenship | C51: 121279 | D51: 126542 | E51: 116734 | F51: 118725 | G51: 141208
B52: French | C52: 91123 | D52: 90292 | E52: 91548 | F52: 92702 | G52: 110630
B53: ICT & Computer Science | C53: 158392 | D53: 151556 | E53: 139892 | F53: 143144 | G53: 168674
B54: Average ratio per level | C54: 3 | D54: 3 | E54: 4 | F54: 3 | G54: 3
... B65: ICT & Computer Science | C65: 3 | D65: 3 | E65: 4 | F65: 4 | G65: 3
B66: Source: School census, Ministry of Education
B68: Table 5.1.4: Students books in science combinations by Subject
B69: Subjects | C69: 2018 | D69: 2019 | E69: 2020/21 | F69: 2021/22 | G69: 2022/23
B70: Number of books
B71: Chemistry | C71: 50127 | D71: 50806 | E71: 49109 | F71: 49774 | G71: 57451
B72: Physics | C72: 35744 | D72: 38867 | E72: 36653 | F72: 39855 | G72: 46040
B73: Biology | C73: 29543 | D73: 29599 | E73: 31257 | F73: 32162 | G73: 34710
B74: Mathematics | C74: 24773 | D74: 27002 | E74: 27254 | F74: 29706 | G74: 35782
B75: Entrepreneurship | C75: 29716 | D75: 28614 | E75: 29289 | F75: 30375 | G75: 36995
B76: Economics | C76: 21402 | D76: 21786 | E76: 17988 | F76: 18311 | G76: 19386
B77: Geography | C77: 22589 | D77: 22841 | E77: 20450 | F77: 20678 | G77: 25322
B78: Computer Science | C78: 17690 | D78: 21078 | E78: 17706 | F78: 17985 | G78: 20485
B79: Average ratio in science combination | C79: 3 | D79: 3 | E79: 4 | F79: 4 | G79: 3
B80: Chemistry | C80: 2 | D80: 2 | E80: 2 | F80: 2 | G80: 2
B81: Physics | C81: 3 | D81: 3 | E81: 3 | F81: 2 | G81: 2
B82: Biology | C82: 3 | D82: 3 | E82: 3 | F82: 3 | G82: 3
... B87: Computer Science | C87: 5 | D87: 5 | E87: 5 | F87: 6 | G87: 5
B88: Source: School census, Ministry of Education
B90: Table 5.1.5: Students books in humanities combinations by subject
B91: Subjects | C91: 2018 | D91: 2019 | E91: 2020/21 | F91: 2021/22 | G91: 2022/23
B92: Number of books
B93: Geography | C93: 24702 | D93: 26178 | E93: 26459 | F93: 28040 | G93: 29894
B94: Economics | C94: 20668 | D94: 21861 | E94: 23399 | F94: 24750 | G94: 25711
B95: Entrepreneurship | C95: 18908 | D95: 18695 | E95: 20004 | F95: 20592 | G95: 22808
B96: History and Citizenship | C96: 13335 | D96: 15464 | E96: 17688 | F96: 20512 | G96: 21500
B97: General Studies and Communication | C97: 6276 | D97: 5890 | E97: 9092 | F97: 9651 | G97: 10631
B98: Kinyarwanda | C98: 5042 | D98: 5788 | E98: 6016 | F98: 6906 | G98: 7722
B99: English | C99: 3334 | D99: 4233 | E99: 5181 | F99: 6578 | G99: 7361
B100: Average ratio in Humanities | C100: 4 | D100: 4 | E100: 3 | F100: 4 | G100: 3
B101: Geography | C101: 1 | D101: 1 | E101: 1 | F101: 2 | G101: 1
B102: Economics | C102: 2 | D102: 2 | E102: 1 | F102: 2 | G102: 1
B103: Entrepreneurship | C103: 2 | D103: 2 | E103: 2 | F103: 2 | G103: 1
B104: History and Citizenship | C104: 2 | D104: 2 | E104: 2 | F104: 2 | G104: 2
... B107: English | C107: 9 | D107: 8 | E107: 7 | F107: 7 | G107: 5
B108: Source: School census, Ministry of Education
B110: Table 5.1.6: Students books in Language’s combinations by subject
B111: Subjects | C111: 2018 | D111: 2019 | E111: 2020/21 | F111: 2021/22 | G111: 2022/23
B112: Number of books
B113: Kinyarwanda | C113: 23978 | D113: 26151 | E113: 22434 | F113: 24467 | G113: 28621
B114: English | C114: 19436 | D114: 19458 | E114: 21517 | F114: 22668 | G114: 27183
B115: Kiswahili | C115: 14091 | D115: 15702 | E115: 13720 | F115: 15289 | G115: 17906
B116: French | C116: 6407 | D116: 6324 | E116: 8038 | F116: 9075 | G116: 10944
B117: Literature in English | C117: 9843 | D117: 10898 | E117: 11952 | F117: 13232 | G117: 12897
B118: Entrepreneurship | D118: 3323 | E118: 3805 | F118: 4357 | G118: 5393
B119: General Studies and Communication | D119: 2880 | E119: 3808 | F119: 5035 | G119: 6088
B120: Average ratio in languages | C120: 3 | D120: 5 | E120: 4 | F120: 2 | G120: 3
B121: Kinyarwanda | C121: 1 | D121: 1 | E121: 1 | F121: 1 | G121: 1
B122: English | C122: 2 | D122: 2 | E122: 1 | F122: 1 | G122: 1
B123: Kiswahili | C123: 2 | D123: 2 | E123: 2 | F123: 1 | G123: 2
B124: French | C124: 5 | D124: 5 | E124: 4 | F124: 2 | G124: 3
...

Sheet ENERGY,WATER, AND SANITATION
B2: 6. ENERGY, WATER AND SANITATION
B4: 6.1 On grid electricity
B6: Table 6.1.1: On grid electricity in schools
B7: ON GRID ELECTRICITY | C7: 2017 | D7: 2018 | E7: 2019 | F7: 2020/21 | G7: 2021/22 | H7: 2022/23
B8: Overall number of schools with | C8: 2284 | D8: 2784 | E8: 3074 | F8: 3819 | G8: 3916 | H8: 3973
B9: Schools with Preprimary level | C9: 1030 | D9: 1277 | E9: 1356 | F9: 2147 | G9: 3016 | H9: 3174
B10: Schools with Primary level | C10: 1606 | D10: 1693 | E10: 1800 | F10: 2460 | G10: 2995 | H10: 3057
B11: Schools with Gen. and prof. Secondary level | C11: 940 | D11: 1027 | E11: 1078 | F11: 1456 | G11: 1715 | H11: 1718
B12: Schools with TVET L1-L5 levels | C12: 175 | D12: 256 | E12: 286 | F12: 327 | G12: 407 | H12: 451
B13: Overall number of schools without | C13: 2435 | D13: 1787 | E13: 1632 | F13: 1325 | G13: 926 | H13: 950
B14: Schools with Preprimary level | C14: 2156 | D14: 1933 | E14: 2045 | F14: 1594 | G14: 792 | H14: 877
B15: Schools with Primary level | C15: 1271 | D15: 1216 | E15: 1161 | F15: 1231 | G15: 836 | H15: 875
B16: Schools with Gen. and prof. Secondary level | C16: 627 | D16: 389 | E16: 374 | F16: 413 | G16: 240 | H16: 259
B17: Schools with TVET L1-L5 levels | C17: 210 | D17: 94 | E17: 45 | F17: 17 | G17: 15 | H17: 19
B18: Percentage of schools with | C18: 0.484 | D18: 0.609 | E18: 0.653 | F18: 0.743 | G18: 0.809 | H18: 0.807
B19: Schools with Preprimary level | C19: 0.323 | D19: 0.398 | E19: 0.399 | F19: 0.574 | G19: 0.792 | H19: 0.784
... B22: Schools with TVET L1-L5 levels | C22: 0.455 | D22: 0.731 | E22: 0.864 | F22: 0.951 | G22: 0.888 | H22: 0.881
B23: Source: School census, Ministry of Education
B25: 6.2 Off grid electricity
B27: Table 6.2.1: Solar power in schools
B28: SOLAR POWER | C28: 2017 | D28: 2018 | E28: 2019 | F28: 2020/21 | G28: 2021/22 | H28: 2022/23
B29: Overall number of schools with | C29: 638 | D29: 664 | E29: 626 | F29: 758 | G29: 1589 | H29: 1012
B30: Schools with Preprimary level | C30: 177 | D30: 191 | E30: 201 | F30: 356 | G30: 1299 | H30: 887
B31: Schools with Primary level | C31: 709 | D31: 605 | E31: 562 | F31: 694 | G31: 1365 | H31: 900
B32: Schools with Gen. and prof. Secondary level | C32: 281 | D32: 274 | E32: 267 | F32: 349 | G32: 752 | H32: 484
B33: Schools with TVET L1-L5 levels | C33: 23 | D33: 42 | E33: 33 | F33: 41 | G33: 115 | H33: 73
B34: Overall number of schools without | C34: 4081 | D34: 3907 | E34: 4080 | F34: 4386 | G34: 3253 | H34: 3911
B35: Schools with Preprimary level | C35: 3009 | D35: 3019 | E35: 3200 | F35: 3385 | G35: 2509 | H35: 3164
B36: Schools with Primary level | C36: 2168 | D36: 2304 | E36: 2399 | F36: 2997 | G36: 2466 | H36: 3032
B37: Schools with Gen. and prof. Secondary level | C37: 1286 | D37: 1142 | E37: 1185 | F37: 1520 | G37: 1203 | H37: 1493
B38: Schools with TVET L1-L5 levels | C38: 362 | D38: 308 | E38: 298 | F38: 303 | G38: 307 | H38: 397
B39: Percentage of schools with | C39: 0.135 | D39: 0.145 | E39: 0.133 | F39: 0.147 | G39: 0.328 | H39: 0.206
B40: Schools with Preprimary level | C40: 0.056 | D40: 0.06 | E40: 0.059 | F40: 0.095 | G40: 0.341 | H40: 0.219
... B43: Schools with TVET L1-L5 levels | C43: 0.06 | D43: 0.12 | E43: 0.1 | F43: 0.119 | G43: 0.273 | H43: 0.155
B44: Source: School census, Ministry of Education
B46: Table 6.2.2: Electric power generator in schools
B47: ELECTRIC POWER GENERATOR | C47: 2017 | D47: 2018 | E47: 2019 | F47: 2020/21 | G47: 2021/22 | H47: 2022/23
B48: Overall number of schools with | C48: 545 | D48: 842 | E48: 885 | F48: 762 | G48: 1282 | H48: 646
B49: Schools with Preprimary level | C49: 78 | D49: 120 | E49: 124 | F49: 144 | G49: 832 | H49: 310
B50: Schools with Primary level | C50: 138 | D50: 159 | E50: 169 | F50: 144 | G50: 850 | H50: 301
B51: Schools with Gen. and prof. Secondary level | C51: 281 | D51: 274 | E51: 281 | F51: 240 | G51: 647 | H51: 360
B52: Schools with TVET L1-L5 levels | C52: 81 | D52: 158 | E52: 154 | F52: 133 | G52: 187 | H52: 150
B53: Overall number of schools without | C53: 4174 | D53: 3729 | E53: 3821 | F53: 4382 | G53: 3560 | H53: 4277
B54: Schools with Preprimary level | C54: 3108 | D54: 3090 | E54: 3277 | F54: 3597 | G54: 2976 | H54: 3741
B55: Schools with Primary level | C55: 2739 | D55: 2750 | E55: 2792 | F55: 3547 | G55: 2981 | H55: 3631
B56: Schools with Gen. and prof. Secondary level | C56: 1286 | D56: 1142 | E56: 1171 | F56: 1629 | G56: 1308 | H56: 1617
B57: Schools with TVET L1-L5 levels | C57: 304 | D57: 192 | E57: 177 | F57: 211 | G57: 235 | H57: 320
B58: Percentage of schools with | C58: 0.116 | D58: 0.184 | E58: 0.188 | F58: 0.148 | G58: 0.265 | H58: 0.131
B59: Schools with Preprimary level | C59: 0.024 | D59: 0.037 | E59: 0.036 | F59: 0.038 | G59: 0.218 | H59: 0.077
... B62: Schools with TVET L1-L5 levels | C62: 0.21 | D62: 0.451 | E62: 0.465 | F62: 0.387 | G62: 0.443 | H62: 0.319
B63: Source: School census, Ministry of Education
B65: Table 6.2.3: Biogas system in schools
B66: BIOGAS SYSTEM | C66: 2017 | D66: 2018 | E66: 2019 | F66: 2020/21 | G66: 2021/22 | H66: 2022/23
B67: Overall number of schools with | C67: 66 | D67: 65 | E67: 75 | F67: 51 | G67: 63 | H67: 78
B68: Schools with Preprimary level | C68: 4 | D68: 11 | E68: 11 | F68: 5 | G68: 9 | H68: 16
B69: Schools with Primary level | C69: 8 | D69: 11 | E69: 5 | F69: 6 | G69: 7 | H69: 8
B70: Schools with Gen. and prof. Secondary level | C70: 61 | D70: 42 | E70: 41 | F70: 30 | G70: 38 | H70: 48
B71: Schools with TVET L1-L5 levels | C71: 5 | D71: 7 | E71: 10 | F71: 7 | G71: 8 | H71: 9
B72: Overall number of schools without | C72: 4653 | D72: 4506 | E72: 4631 | F72: 5093 | G72: 4779 | H72: 4845
B73: Schools with Preprimary level | C73: 3182 | D73: 3199 | E73: 3390 | F73: 3736 | G73: 3799 | H73: 4035
B74: Schools with Primary level | C74: 2869 | D74: 2898 | E74: 2956 | F74: 3685 | G74: 3824 | H74: 3924
B75: Schools with Gen. and prof. Secondary level | C75: 1506 | D75: 1374 | E75: 1411 | F75: 1839 | G75: 937 | H75: 1929
B76: Schools with TVET L1-L5 levels | C76: 380 | D76: 343 | E76: 321 | F76: 337 | G76: 414 | H76: 461
B77: Percentage of schools with | C77: 0.014 | D77: 0.014 | E77: 0.016 | F77: 0.01 | G77: 0.013 | H77: 0.016
B78: Schools with Preprimary level | C78: 0.001 | D78: 0.003 | E78: 0.003 | F78: 0.001 | G78: 0.002 | H78: 0.004
... B81: Schools with TVET L1-L5 levels | C81: 0.013 | D81: 0.02 | E81: 0.03 | F81: 0.02 | G81: 0.019 | H81: 0.019
B82: Source: School census, Ministry of Education
B84: 6.3 Water
B86: Table 6.3.1: Tap water supply in schools.
B87: TAP WATER SUPPLY | C87: 2017 | D87: 2018 | E87: 2019 | F87: 2020/21 | G87: 2021/22 | H87: 2022/23
B88: Overall number of schools with | C88: 1925 | D88: 2477 | E88: 2724 | F88: 3419 | G88: 3950 | H88: 4025
B89: Schools with Preprimary level | C89: 766 | D89: 942 | E89: 991 | F89: 1733 | G89: 3058 | H89: 3238
B90: Schools with Primary level | C90: 1525 | D90: 1617 | E90: 1603 | F90: 2227 | G90: 3068 | H90: 3147
B91: Schools with Gen. and prof. Secondary level | C91: 743 | D91: 807 | E91: 872 | F91: 1297 | G91: 1681 | H91: 1705
B92: Schools with TVET L1-L5 levels | C92: 149 | D92: 262 | E92: 292 | F92: 309 | G92: 375 | H92: 422
B93: Overall number of schools without | C93: 2794 | D93: 2094 | E93: 1982 | F93: 1725 | G93: 892 | H93: 898
B94: Schools with Preprimary level | C94: 2420 | D94: 2268 | E94: 2410 | F94: 2008 | G94: 750 | H94: 813
B95: Schools with Primary level | C95: 1352 | D95: 1292 | E95: 1358 | F95: 1464 | G95: 763 | H95: 785
B96: Schools with Gen. and prof. Secondary level | C96: 824 | D96: 609 | E96: 580 | F96: 572 | G96: 277 | H96: 272
B97: Schools with TVET L1-L5 levels | C97: 236 | D97: 88 | E97: 39 | F97: 35 | G97: 47 | H97: 48
B98: Percentage of schools with | C98: 0.408 | D98: 0.542 | E98: 0.579 | F98: 0.665 | G98: 0.816 | H98: 0.818
B99: Schools with Preprimary level | C99: 0.24 | D99: 0.293 | E99: 0.291 | F99: 0.463 | G99: 0.803 | H99: 0.799
... B102: Schools with TVET L1-L5 levels | C102: 0.387 | D102: 0.749 | E102: 0.882 | F102: 0.898 | G102: 0.889 | H102: 0.898
B103: Source: School census, Ministry of Education
B105: Table 6.3.2: Safe drinking water in schools
B106: Safe drinking water | C106: 2017 | D106: 2018 | E106: 2019 | F106: 2020/21 | G106: 2021/22 | H106: 2022/23
B107: Overall number of schools with safe drinking water | C107: 1717 | D107: 2578 | E107: 2730 | F107: 2511 | G107: 2859 | H107: 3237
B108: Schools with Preprimary level | C108: 612 | D108: 883 | E108: 921 | F108: 1176 | G108: 2164 | H108: 2938
B109: Schools with Primary level | C109: 1310 | D109: 1559 | E109: 1535 | F109: 1543 | G109: 2130 | H109: 2714
B110: Schools with Gen. and prof. Secondary level | C110: 802 | D110: 978 | E110: 1013 | F110: 836 | G110: 1233 | H110: 1714
B111: Schools with TVET L1-L5 levels | C111: 114 | D111: 264 | E111: 276 | F111: 266 | G111: 310 | H111: 356
B112: Overall number of schools without safe drinking water | C112: 3002 | D112: 1993 | E112: 1976 | F112: 2633 | G112: 1983 | H112: 1686
B113: Schools with Preprimary level | C113: 2574 | D113: 2327 | E113: 2480 | F113: 2565 | G113: 1644 | H113: 1113
B114: Schools with Primary level | C114: 1567 | D114: 1350 | E114: 1426 | F114: 2148 | G114: 1701 | H114: 1218
B115: Schools with Gen. and prof. Secondary level | C115: 765 | D115: 438 | E115: 439 | F115: 1033 | G115: 725 | H115: 263
B116: Schools with TVET L1-L5 levels | C116: 271 | D116: 86 | E116: 55 | F116: 78 | G116: 112 | H116: 114
B117: Percentage of schools with safe drinking water | C117: 0.364 | D117: 0.564 | E117: 0.58 | F117: 0.488 | G117: 0.59 | H117: 0.657
B118: Schools with Preprimary level | C118: 0.192 | D118: 0.275 | E118: 0.271 | F118: 0.314 | G118: 0.568 | H118: 0.725
... B121: Schools with TVET L1-L5 levels | C121: 0.296 | D121: 0.754 | E121: 0.834 | F121: 0.773 | G121: 0.735 | H121: 0.757
B122: Source: School census, Ministry of Education
...

Sheet SCHOOL NUTRITION
B2: 7. SCHOOL NUTRITION
B4: 7.1 Learners fed at school
B6: Table 7.1.1: Number of learners fed at schools
B7: Levels of education | C7: 2017 | D7: 2018 | E7: 2019 | F7: 2020/21 | G7: 2021/22 | H7: 2022/23
B8: Total number of students fed at school | C8: 610630 | D8: 724059 | E8: 796256 | F8: 874244 | G8: 3375454 | H8: 3908597
B9: Preprimary | C9: 33944 | D9: 49401 | E9: 52509 | F9: 52787 | G9: 250306 | H9: 496478
B10: Primary | C10: 183310 | D10: 183857 | E10: 182678 | F10: 309419 | G10: 2421231 | H10: 2624481
B11: Gen. and prof. Secondary level | C11: 357329 | D11: 444578 | E11: 520480 | F11: 468493 | G11: 653185 | H11: 710799
B12: TVET | C12: 36047 | D12: 46223 | E12: 40589 | F12: 43545 | G12: 50732 | H12: 76839
B13: Percentage of students fed at school | C13: 0.182 | D13: 0.214 | E13: 0.226 | F13: 0.23 | G13: 0.863 | H13: 0.928
B14: Preprimary | C14: 0.154 | D14: 0.218 | E14: 0.186 | F14: 0.18 | G14: 0.704 | H14: 0.918
B15: Primary | C15: 0.072 | D15: 0.073 | E15: 0.073 | F15: 0.113 | G15: 0.883 | H15: 0.925
B16: Gen. and prof. Secondary level | C16: 0.697 | D16: 0.768 | E16: 0.802 | F16: 0.675 | G16: 0.894 | H16: 0.974
B17: TVET | C17: 0.453 | D17: 0.582 | E17: 0.514 | F17: 0.495 | G17: 0.608 | H17: 0.742
B18: Source: School census, Ministry of Education
B20: Table 7.1.2: Number of learners fed at schools By school status
B22: School year | C22: 2022/23
B23: Total number Students | C23: 4212893
B24: Public | C24: 1636011
B25: Government-subsidized | C25: 2243125
B26: Private | C26: 333757
B27: Total number Students fed at schools | C27: 3908597
B28: Public | C28: 1596542
B29: Government-subsidized | C29: 2200534
B30: Private | C30: 111521
B31: Percentage of Students fed at schools | C31: 0.928
B32: Public | C32: 0.976
B33: Government-subsidized | C33: 0.981
B34: Private | C34: 0.334
B35: Source: School census, Ministry of Education
B38: 7.2 School nutrition facilities and equipment
B40: Table 7.2.1: Number of schools providing meals to students
B41: Levels of education | C41: 2017 | D41: 2018 | E41: 2019 | F41: 2020/21 | G41: 2021/22 | H41: 2022/23
B42: Number of schools providing meals to students | C42: 1648 | D42: 1808 | E42: 2189 | F42: 3093 | G42: 3978 | H42: 4305
B43: Schools with Preprimary level | C43: 379 | D43: 625 | E43: 1277 | F43: 1300 | G43: 3108 | H43: 3464
B44: Schools with Primary level | C44: 357 | D44: 372 | E44: 504 | F44: 1443 | G44: 3385 | H44: 3602
B45: Schools with Gen. and prof. Secondary level | C45: 1181 | D45: 1196 | E45: 1236 | F45: 1740 | G45: 1828 | H45: 1847
B46: Schools with TVET L1-L5 levels | C46: 154 | D46: 145 | E46: 154 | F46: 253 | G46: 299 | H46: 371
B47: Number of schools not providing meals to students | C47: 3071 | D47: 2763 | E47: 2517 | F47: 2051 | G47: 864 | H47: 618
B48: Schools with Preprimary level | C48: 2807 | D48: 2585 | E48: 2124 | F48: 2441 | G48: 700 | H48: 587
B49: Schools with Primary level | C49: 2520 | D49: 2537 | E49: 2457 | F49: 2248 | G49: 446 | H49: 446
B50: Schools with Gen. and prof. Secondary level | C50: 386 | D50: 220 | E50: 216 | F50: 129 | G50: 130 | H50: 446
B51: Schools with TVET L1-L5 levels | C51: 231 | D51: 205 | E51: 177 | F51: 91 | G51: 123 | H51: 446
B52: Percentage of schools providing meals to students | C52: 0.349 | D52: 0.396 | E52: 0.465 | F52: 0.601 | G52: 0.822 | H52: 0.874
B53: Schools with Preprimary level | C53: 0.119 | D53: 0.195 | E53: 0.375 | F53: 0.348 | G53: 0.816 | H53: 0.855
... B56: Schools with TVET L1-L5 levels | C56: 0.4 | D56: 0.414 | E56: 0.465 | F56: 0.735 | G56: 0.709 | H56: 0.789
B57: Source: School census, Ministry of Education
B59: Table 7.2.2: Schools providing meals to students By School status
B61: School year | C61: 2022/23
B62: Total number Schools | C62: 4923
B63: Public | C63: 1568
B64: Government-subsidized | C64: 2065
B65: Private | C65: 1290
B66: Total number Schools providing meals | C66: 4305
B67: Public | C67: 1568
B68: Government-subsidized | C68: 2065
B69: Private | C69: 672
B70: Percentage of Schools providing meals | C70: 0.874
B71: Public | C71: 1
B72: Government-subsidized | C72: 1
B73: Private | C73: 0.521
B74: Source: School census, Ministry of Education
B76: Table 7.2.3: Nutrition Garden in schools
B77: Indicator/Year | C77: 2017 | D77: 2018 | E77: 2019 | F77: 2020/21 | G77: 20221/22 | H77: 2022/23
B78: Overall number of schools with Nutrition Garden | C78: 1777 | D78: 2057 | E78: 2262 | F78: 3048 | G78: 3317 | H78: 3479
B79: Schools with Preprimary level | C79: 314 | D79: 440 | E79: 528 | F79: 1815 | G79: 2548 | H79: 2802
B80: Schools with Primary level | C80: 1173 | D80: 1173 | E80: 1223 | F80: 1696 | G80: 2686 | H80: 2846
B81: Schools with Gen. and prof. Secondary level | C81: 852 | D81: 975 | E81: 997 | F81: 1317 | G81: 1599 | H81: 1613
B82: Schools with TVET L1-L5 levels | C82: 175 | D82: 200 | E82: 221 | F82: 248 | G82: 322 | H82: 363
B83: Overall number of schools without Nutrition Garden | C83: 2942 | D83: 2514 | E83: 2444 | F83: 2096 | G83: 1525 | H83: 1444
B84: Schools with Preprimary level | C84: 2872 | D84: 2770 | E84: 2873 | F84: 1926 | G84: 1260 | H84: 1249
B85: Schools with Primary level | C85: 1704 | D85: 1736 | E85: 1738 | F85: 1995 | G85: 1145 | H85: 1086
B86: Schools with Gen. and prof. Secondary level | C86: 715 | D86: 441 | E86: 455 | F86: 552 | G86: 359 | H86: 364
B87: Schools with TVET L1-L5 levels | C87: 210 | D87: 150 | E87: 110 | F87: 96 | G87: 100 | H87: 107
B88: Percentage of schools with Nutrition Garden | C88: 0.377 | D88: 0.45 | E88: 0.481 | F88: 0.593 | G88: 0.685 | H88: 0.707
B89: %Schools with Preprimary level | C89: 0.099 | D89: 0.137 | E89: 0.155 | F89: 0.485 | G89: 0.6691 | H89: 0.692
... B92: %Schools with TVET L1-L5 levels | C92: 0.455 | D92: 0.571 | E92: 0.668 | F92: 0.721 | G92: 0.763 | H92: 0.772
B93: Source: School census, Ministry of Education
B95: Table 7.2.4: Type of fuel used for cooking in schools in 2021/22
B96: Type of fuel | C96: firewood | D96: Gas | E96: biogas | F96: Electricity | G96: peat_and_kerosene
B97: Overall number of schools using | C97: 3850 | D97: 44 | E97: 18 | F97: 15 | G97: 15
B98: Schools with Preprimary level | C98: 2993 | D98: 20 | E98: 2 | F98: 11 | G98: 12
B99: Schools with Primary level | C99: 3246 | D99: 27 | E99: 2 | F99: 11 | G99: 13
B100: Schools with Gen. and prof. Secondary level | C100: 1785 | D100: 24 | E100: 11 | F100: 9 | G100: 2
B101: Schools with TVET L1-L5 levels | C101: 245 | D101: 10 | E101: 4 | F101: 1 | G101: -
B102: Total Number of schools not using | C102: 128 | D102: 3934 | E102: 3960 | F102: 3963 | G102: 3963
B103: Schools with Preprimary level | C103: 115 | D103: 3088 | E103: 3106 | F103: 3097 | G103: 3096
B104: Schools with Primary level | C104: 139 | D104: 3358 | E104: 3383 | F104: 3374 | G104: 3372
B105: Schools with Gen. and prof. Secondary level | C105: 43 | D105: 1804 | E105: 1817 | F105: 1819 | G105: 1826
B106: Schools with TVET L1-L5 levels | C106: 54 | D106: 289 | E106: 295 | F106: 298 | G106: 299
B107: Percentage | C107: 0.968 | D107: 0.011 | E107: 0.005 | F107: 0.004 | G107: 0.004
B108: Schools with Preprimary level | C108: 0.963 | D108: 0.006 | E108: 0.001 | F108: 0.004 | G108: 0.004
B109: Schools with Primary level | C109: 0.959 | D109: 0.008 | E109: 0.001 | F109: 0.003 | G109: 0.004
B110: Schools with Gen. and prof. Secondary level | C110: 0.976 | D110: 0.013 | E110: 0.006 | F110: 0.005 | G110: 0.001
B111: Schools with TVET L1-L5 levels | C111: 0.819 | D111: 0.033 | E111: 0.013 | F111: 0.003 | G111: 0
B112: Source: School census, Ministry of education

Sheet SPECIAL NEEDS EDUCATION
B2: 8. SPECIAL NEEDS EDUCATION
B4: 8.1 Adapted facilities for learners with special needs
B6: Table 8.1.1: Adapted infrastructure and materials for learners with disability
B7: Levels of education | C7: 2017 | D7: 2018 | E7: 2019 | F7: 2020/21 | G7: 2021/22 | H7: 2022/23
B8: Overall number of schools with | C8: 764 | D8: 1010 | E8: 1434 | F8: 2115 | G8: 3301 | H8: 3344
B9: Schools with Preprimary level | C9: 183 | D9: 264 | E9: 356 | F9: 580 | G9: 2563 | H9: 2730
B10: Schools with Primary level | C10: 522 | D10: 684 | E10: 686 | F10: 1390 | G10: 2666 | H10: 2710
B11: Schools with Gen. and prof. Secondary level | C11: 280 | D11: 393 | E11: 443 | F11: 815 | G11: 1428 | H11: 1419
B12: Schools with TVET L1-L5 levels | C12: 89 | D12: 101 | E12: 191 | F12: 233 | G12: 300 | H12: 331
B13: Overall number of schools without | C13: 3955 | D13: 3561 | E13: 3272 | F13: 3029 | G13: 1541 | H13: 1498
B14: Schools with Preprimary level | C14: 3003 | D14: 2946 | E14: 3045 | F14: 3161 | G14: 1245 | H14: 1078
B15: Schools with Primary level | C15: 2355 | D15: 2225 | E15: 2275 | F15: 2301 | G15: 1165 | H15: 1121
B16: Schools with Gen. and prof. Secondary level | C16: 1287 | D16: 1023 | E16: 1009 | F16: 1054 | G16: 530 | H16: 539
B17: Schools with TVET L1-L5 levels | C17: 296 | D17: 249 | E17: 140 | F17: 111 | G17: 122 | H17: 91
B18: Percentage of schools with | C18: 0.162 | D18: 0.221 | E18: 0.305 | F18: 0.411 | G18: 0.682 | H18: 0.691
B19: Schools with Preprimary level | C19: 0.057 | D19: 0.082 | E19: 0.105 | F19: 0.155 | G19: 0.673 | H19: 0.717
... B22: Schools with TVET L1-L5 levels | C22: 0.231 | D22: 0.289 | E22: 0.577 | F22: 0.677 | G22: 0.711 | H22: 0.784
B23: Source: School census, Ministry of Education
B25: Table 8.1.2: Accessible toilets for people with disability
B26: Levels of education | C26: Public | D26: Government subsidized | E26: Private | F26: Total
B27: Overall number of schools with | C27: 880 | D27: 1,062 | E27: 301 | F27: 2243
B28: Schools with Preprimary level | C28: 712 | D28: 957 | E28: 237 | F28: 1906 | G28: =F28+F29 -> 3891
B29: Schools with Primary level | C29: 778 | D29: 1,014 | E29: 193 | F29: 1985
B30: Schools with Gen. and prof. Secondary level | C30: 393 | D30: 547 | E30: 37 | F30: 977
B31: Schools with TVET L1-L5 levels | C31: 87 | D31: 44 | E31: 44 | F31: 175
B32: Overall number of schools without | C32: 688 | D32: 1,003 | E32: 989 | F32: 2680
B33: Schools with Preprimary level | C33: 531 | D33: 838 | E33: 776 | F33: 2145
B34: Schools with Primary level | C34: 548 | D34: 877 | E34: 522 | F34: 1947
B35: Schools with Gen. and prof. Secondary level | C35: 336 | D35: 522 | E35: 142 | F35: 1000
B36: Schools with TVET L1-L5 levels | C36: 81 | D36: 65 | E36: 149 | F36: 295
B37: Percentage of schools with | C37: 56.1% | D37: 51.4% | E37: 23.3% | F37: 0.456
B38: Schools with Preprimary level | C38: 57.3% | D38: 53.3% | E38: 23.4% | F38: 0.471
B39: Schools with Primary level | C39: 58.7% | D39: 53.6% | E39: 27.0% | F39: 0.505
B40: Schools with Gen. and prof. Secondary level | C40: 53.9% | D40: 51.2% | E40: 20.7% | F40: 0.494
B41: Schools with TVET L1-L5 levels | C41: 51.8% | D41: 40.4% | E41: 22.8% | F41: 0.372
B42: Source: School census, Ministry of Education
B45: 8.2 Staff trained in special needs and inclusive education.
B47: Table 8.2.1: Total schools Staff trained in special needs and inclusive education.
B48: Indicator/Year | C48: 2017 | D48: 2018 | E48: 2019 | F48: 2020/21 | G48: 2021/22 | H48: 2022/23
B49: Total staff trained in SNE | C49: 3398 | D49: 6734 | E49: 7730 | F49: 12243 | G49: 15569 | H49: 16412
B50: Male | C50: 1976 | D50: 3496 | E50: 4060 | F50: 6106 | G50: 8056 | H50: 8521
B51: Female | C51: 1422 | D51: 3238 | E51: 3670 | F51: 6137 | G51: 7513 | H51: 7891
B52: % of Male | C52: 0.582 | D52: 0.519 | E52: 0.525 | F52: 0.499 | G52: 0.517 | H52: 0.519
B53: % of Female | C53: 0.418 | D53: 0.481 | E53: 0.475 | F53: 0.501 | G53: 0.483 | H53: 0.481
B54: Teaching staff trained in SNE | C54: 2862 | D54: 5876 | E54: 6758 | F54: 10699 | G54: 13879 | H54: 14675
B55: Male | C55: 1589 | D55: 2906 | E55: 3414 | F55: 5040 | G55: 6911 | H55: 7320
B56: Female | C56: 1273 | D56: 2970 | E56: 3344 | F56: 5659 | G56: 6968 | H56: 7355
B57: Administrative staff trained in SNE | C57: 536 | D57: 858 | E57: 972 | F57: 1544 | G57: 1690 | H57: 1737
B58: Male | C58: 387 | D58: 590 | E58: 646 | F58: 1066 | G58: 1145 | H58: 1201
B59: Female | C59: 149 | D59: 268 | E59: 326 | F59: 478 | G59: 545 | H59: 536
B60: Source: School census, Ministry of Education
B62: Table 8.2.2: Teaching staff trained in special needs and inclusive education
B63: Indicator/Year | C63: 2017 | D63: 2018 | E63: 2019 | F63: 2020/21 | G63: 2021/22 | H63: 2022/23
B64: Total teaching staff trained in SNE | C64: 2862 | D64: 5876 | E64: 6758 | F64: 10699 | G64: 13879 | H64: 14675
B65: Male | C65: 1589 | D65: 2906 | E65: 3414 | F65: 5040 | G65: 6911 | H65: 7320
B66: Female | C66: 1273 | D66: 2970 | E66: 3344 | F66: 5659 | G66: 6968 | H66: 7355
B67: % of Male | C67: 0.555 | D67: 0.495 | E67: 0.505 | F67: 0.471 | G67: 0.498 | H67: 0.499
B68: % of Female | C68: 0.445 | D68: 0.505 | E68: 0.495 | F68: 0.529 | G68: 0.502 | H68: 0.501
B69: Preprimary teaching staff | C69: 268 | D69: 438 | E69: 585 | F69: 666 | G69: 751 | H69: 797
B70: Male | C70: 41 | D70: 68 | E70: 89 | F70: 108 | G70: 128 | H70: 139
B71: Female | C71: 227 | D71: 370 | E71: 496 | F71: 558 | G71: 623 | H71: 658
B72: Primary teaching staff | C72: 1414 | D72: 3818 | E72: 4181 | F72: 7047 | G72: 8707 | H72: 9290
B73: Male | C73: 708 | D73: 1728 | E73: 1953 | F73: 2845 | G73: 3676 | H73: 3949
B74: Female | C74: 706 | D74: 2090 | E74: 2228 | F74: 4202 | G74: 5031 | H74: 5341
B75: Gen. and Prof. Secondary | C75: 1180 | D75: 1620 | E75: 1992 | F75: 2986 | G75: 4421 | H75: 4588
... B77: Female | C77: 340 | D77: 510 | E77: 620 | F77: 899 | G77: 1314 | H77: 1356
B78: Source: School census, Ministry of Education
B80: 8.3 Learners with disability
B82: Table 8.3.1: Total number of learners with disability
B83: Indicator/Year | C83: 2017 | D83: 2018 | E83: 2019 | F83: 2020/21 | G83: 2021/22 | H83: 2022/23
B84: Total learners with disability | C84: 31770 | D84: 23244 | E84: 23441 | F84: 30729 | G84: 38937 | H84: 40342
B85: Male | C85: 16807 | D85: 12955 | E85: 12780 | F85: 16978 | G85: 21615 | H85: 22497
B86: Female | C86: 14963 | D86: 10289 | E86: 10661 | F86: 13751 | G86: 17322 | H86: 17845
B87: % of Male | C87: 0.529 | D87: 0.557 | E87: 0.545 | F87: 0.553 | G87: 0.555 | H87: 0.558
B88: % of Female | C88: 0.471 | D88: 0.443 | E88: 0.455 | F88: 0.447 | G88: 0.445 | H88: 0.442
B89: In Preprimary | C89: 1362 | D89: 1253 | E89: 1931 | F89: 2220 | G89: 2782 | H89: 3085
B90: Male | C90: 829 | D90: 743 | E90: 1077 | F90: 1297 | G90: 1633 | H90: 1790
B91: Female | C91: 533 | D91: 510 | E91: 854 | F91: 923 | G91: 1149 | H91: 1295
B92: In Primary | C92: 24980 | D92: 17133 | E92: 16021 | F92: 23427 | G92: 30123 | H92: 31159
B93: Male | C93: 13317 | D93: 9669 | E93: 8953 | F93: 13027 | G93: 16848 | H93: 17518
B94: Female | C94: 11663 | D94: 7464 | E94: 7068 | F94: 10400 | G94: 13275 | H94: 13641
B95: Gen and prof. secondary | C95: 4557 | D95: 4202 | E95: 4267 | F95: 3973 | G95: 4845 | H95: 4983
... B103: Female | C103: 64 | D103: 75 | E103: 41 | F103: 39 | G103: 88 | H103: 84
B104: In Adult literacy | C104: - | D104: - | E104: 747 | F104: 512 | G104: 343 | H104: 271
B105: Male | C105: - | D105: - | E105: 264 | F105: 205 | G105: 102 | H105: 98
B106: Female | C106: - | D106: - | E106: 483 | F106: 307 | G106: 241 | H106: 173
B107: Source: School census, Ministry of Education
B109: Table 8.3.3: Total number of learners with disability by type
B110: Type of disability | C110: Male | D110: Female | E110: Total
B111: Physical and Motor Challenges | C111: 7180 | D111: 5535 | E111: 12715 | F111: =D111+D112 -> 9053
B112: Specific Learning Difficulties | C112: 4338 | D112: 3518 | E112: 7856
B113: Visual impairment | C113: 2916 | D113: 2490 | E113: 5406
B114: Hearing Impairment | C114: 1421 | D114: 1258 | E114: 2679
B115: Developmental challenges | C115: 1454 | D115: 1180 | E115: 2634
B116: Speech, language, and communication difficulties | C116: 3004 | D116: 2118 | E116: 5122
B117: Multiple disabilities/Difficulties | C117: 2106 | D117: 1700 | E117: 3806
B118: Intellectual disabilities/ challenges | C118: 69 | D118: 37 | E118: 106
B119: Autism spectrum disorder | C119: 0 | D119: 0 | E119: 0
B120: Emotional and behavioral disorder | C120: 9 | D120: 9 | E120: 18
B121: Total | C121: 22497 | D121: 17845 | E121: 40342
...

Sheet ANNEXES
B2: ANNEX
B4: Annex 1: Number of schools with Preprimary level by district
B5: District/Province | C5: 2021/22 | D5: 2022/23
B6: Gisagara | C6: 91 | D6: 93
B7: Huye | C7: 107 | D7: 110
B8: Kamonyi | C8: 149 | D8: 150
B9: Muhanga | C9: 149 | D9: 150
B10: Nyamagabe | C10: 109 | D10: 126
B11: Nyanza | C11: 103 | D11: 104
B12: Nyaruguru | C12: 102 | D12: 102
B13: Ruhango | C13: 96 | D13: 99
B14: South | C14: 906 | D14: 934
B15: Karongi | C15: 151 | D15: 156
B16: Ngororero | C16: 115 | D16: 116
B17: Nyabihu | C17: 98 | D17: 100
... B41: Rwanda | C41: 3808 | D41: 4051
B42: Source: School census, Ministry of Education
B44: Annex 2: Number of schools with Primary level by district
B45: District/Province | C45: 2021/22 | D45: 2022/23
B46: Gisagara | C46: 95 | D46: 95
B47: Huye | C47: 111 | D47: 112
B48: Kamonyi | C48: 142 | D48: 144
B49: Muhanga | C49: 138 | D49: 140
B50: Nyamagabe | C50: 134 | D50: 135
B51: Nyanza | C51: 99 | D51: 100
B52: Nyaruguru | C52: 102 | D52: 102
B53: Ruhango | C53: 97 | D53: 97
B54: South | C54: 918 | D54: 925
B55: Karongi | C55: 153 | D55: 156
B56: Ngororero | C56: 116 | D56: 116
B57: Nyabihu | C57: 100 | D57: 102
... B81: Rwanda | C81: 3831 | D81: 3932
B82: Source: School census, Ministry of Education
B84: Annex 3: Number of schools with general & professional secondary level by district
B85: District/Province | C85: 2021/22 | D85: 2022/23
B86: Gisagara | C86: 53 | D86: 55
B87: Huye | C87: 51 | D87: 51
B88: Kamonyi | C88: 70 | D88: 70
B89: Muhanga | C89: 65 | D89: 65
B90: Nyamagabe | C90: 60 | D90: 60
B91: Nyanza | C91: 60 | D91: 60
B92: Nyaruguru | C92: 51 | D92: 53
B93: Ruhango | C93: 57 | D93: 57
B94: South | C94: 467 | D94: 471
B95: Karongi | C95: 93 | D95: 95
B96: Ngororero | C96: 53 | D96: 53
B97: Nyabihu | C97: 45 | D97: 45
... B121: Rwanda | C121: 1955 | D121: 1977
B122: Source: School census, Ministry of Education
B124: Annex 4: Number of schools with TVET L1 to 5 by district
B125: District/Province | C125: 2021/22 | D125: 2022/23
B126: Gisagara | C126: 14 | D126: 12
B127: Huye | C127: 12 | D127: 16
B128: Kamonyi | C128: 15 | D128: 13
B129: Muhanga | C129: 20 | D129: 22
B130: Nyamagabe | C130: 10 | D130: 12
B131: Nyanza | C131: 13 | D131: 15
B132: Nyaruguru | C132: 10 | D132: 11
B133: Ruhango | C133: 10 | D133: 17
B134: South | C134: 104 | D134: 118
B135: Karongi | C135: 18 | D135: 19
B136: Ngororero | C136: 11 | D136: 13
B137: Nyabihu | C137: 12 | D137: 13
... B161: Rwanda | C161: 422 | D161: 470
B162: Source: School census, Ministry of Education
B164: Annex 5: Number of Higher education campuses per districts
B165: District/Provinces | C165: 2021/22 | D165: 2022/23
B166: Gisagara | C166: 1 | D166: 1
B167: Huye | C167: 7 | D167: 6
B168: Kamonyi | C168: - | D168: -
B169: Muhanga | C169: 2 | D169: 2
B170: Nyamagabe | C170: 1 | D170: 1
B171: Nyanza | C171: 3 | D171: 3
B172: Nyaruguru | C172: - | D172: -
B173: Ruhango | C173: 1 | D173: 1
B174: South | C174: 15 | D174: 14
B175: Karongi | C175: 3 | D175: 3
B176: Ngororero | C176: - | D176: -
B177: Nyabihu | C177: - | D177: -
B178: Nyamasheke | C178: 2 | D178: 1
B179: Rubavu | C179: 2 | D179: 2
B180: Rusizi | C180: 1 | D180: 1
B181: Rutsiro | C181: - | D181: -
B182: West | C182: 8 | D182: 7
B183: Bugesera | C183: 3 | D183: 3
B184: Gatsibo | C184: 1 | D184: 1
B185: Kayonza | C185: 1 | D185: 1
B186: Kirehe | C186: - | D186: 1
B187: Ngoma | C187: 2 | D187: 1
B188: Nyagatare | C188: 2 | D188: 3
B189: Rwamagana | C189: 3 | D189: 3
B190: East | C190: 12 | D190: 13
B191: Burera | C191: 1 | D191: 1
B192: Gakenke | C192: 1 | D192: 1
B193: Gicumbi | C193: 1 | D193: 1
B194: Musanze | C194: 7 | D194: 7
B195: Rulindo | C195: 2 | D195: 2
B196: Northern | C196: 12 | D196: 12
B197: Gasabo | C197: 11 | D197: 10
B198: Kicukiro | C198: 7 | D198: 9
...
